overall_accuracy,easy_accuracy,medium_accuracy,hard_accuracy,average_response_time,median_response_time,average_attempts,hint_usage_rate,recent_accuracy,question_count,concept_count,average_bkt_knowledge,minimum_bkt_knowledge,maximum_bkt_knowledge,prerequisite_mastery,knowledge_variance,recent_bkt_change,diagnostic_accuracy,diagnostic_question_count,learner_level
0.7141749326983444,0.8235860283806203,0.6117405726262273,0.46234229410227307,23.05304187733062,23.51414750938529,1.6801907474928062,0.1667434439440847,0.46272250867167153,34,3,0.4914838060813729,0.3241969787673609,0.598982997476657,0.666163059435577,0.02995106732375396,0.008711184975673216,0.8399733344059983,8,FOUNDATION
0.3019751066644116,0.40225076306513596,0.32963544662276345,0.09681515563354064,20.02991237915631,20.279479665029992,3.9150885275093668,0.8477603284345424,0.28171066933841893,46,4,0.07084886904132619,0.03870443795534187,0.4230204768150803,0.25346879716569004,0.027728168328829055,0.056923328999770526,0.2959729180656292,8,BEGINNER
0.13576292017775418,0.36165097003668933,0.17597577320416663,0.0,27.154774554054878,26.12152433484897,2.475005863517196,0.6249224592867844,0.2618948109753387,40,3,0.15560946373791754,0.0,0.24358483898954691,0.142171800922464,0.04963470372789738,0.06877725635611796,0.14457628902409114,8,BEGINNER
0.5483626880671043,0.7675300301892087,0.6086616266962164,0.443653566145593,28.984553642631536,31.68048739227157,1.527555165431564,0.36895405056401964,0.5627954447539447,14,3,0.42032971847699374,0.393391822273535,0.686443865937856,0.49316727451277886,0.03739383437233124,0.09389470223707581,0.5274202360395275,8,FOUNDATION
0.16886407883374163,0.2895315284316221,0.09660596276028598,0.0,23.41858084377617,24.19307073561298,3.546035449741099,0.8484657188413981,0.08388315763542215,42,9,0.08477454317614769,0.008205963414876666,0.29622093391399623,0.016413216377712175,0.01797980510005242,-0.001032266138267953,0.15932887907131868,8,BEGINNER
0.49733414110545654,0.6547096462974278,0.4219619554234987,0.2520105948012269,18.46927167688303,20.556791718239076,2.4191863668873097,0.5557537179665603,0.5060309169661501,21,9,0.4821702272878834,0.3398307766515592,0.6778967358778856,0.5101676726740961,0.03630829072672506,0.07714114072575103,0.5657918291379518,8,FOUNDATION
0.2689380883270235,0.44015001810341936,0.32344747283793995,0.09329112187774795,29.544789749739326,32.71467958667762,2.9653189967769067,0.7404444769122064,0.2265224811601776,47,3,0.2510533467947276,0.0,0.30745355073356684,0.25490834828081765,0.12258333003018237,-0.04154321582169776,0.42757582653692633,8,BEGINNER
0.2548889661552364,0.34290067105499417,0.08457352253929211,0.0,40.44250273722683,38.234649412765485,2.7627997253550656,0.7252923792362075,0.006245341105845861,37,7,0.3161682048346676,0.08171828849259433,0.39188418035746897,0.16640034627861233,0.11197371076770361,0.0681688064622161,0.16095330449668965,8,BEGINNER
0.7382220653631627,0.9091347495747002,0.7559116908003689,0.5834363132856691,13.703161814350148,15.130692107751651,1.2443270670415632,0.2523090502499123,0.8046438856103686,21,3,0.530560814136209,0.3698740670539676,0.7475423127191825,0.5510724134244381,0.0023184924793301144,0.0557000247046046,0.7321465597233352,8,INTERMEDIATE
1.0,1.0,0.9478033299942844,0.8089570578942632,8.129446663798051,8.574563859296864,1.346521081533694,0.05005745900744917,0.8925579067370293,49,3,0.9990633502006117,0.7987602177314745,1.0,1.0,0.10537261259806639,-0.048883468397854554,0.8984255926828556,8,ADVANCED
0.8310728742044535,1.0,0.8502284368444553,0.6350979112350851,18.501867036284022,19.89137474605798,1.3737788848272827,0.16599466937823398,0.7539919938868849,28,6,0.7708617866143421,0.6510810891637516,0.8361322860855435,0.7195748930660827,0.019059076897782717,0.0744475298483683,0.9273587599604255,8,INTERMEDIATE
0.2932946927492542,0.5050389172932854,0.3283054416259439,0.08762430665869334,21.917782457105616,22.081654167367105,3.018413268472642,0.643452378573115,0.11995390683664695,13,3,0.07847853911091585,0.050134579529161324,0.2503571384412352,0.08528480234769525,0.037536434724689295,0.10827271201405485,0.31926567962257657,8,BEGINNER
0.5940149759387849,0.7957717705931731,0.7333290316958168,0.4346000009555466,18.266608023250143,18.153603220387023,1.4355114752062383,0.18561224532476017,0.34585674022957835,16,6,0.737496938099084,0.7203368853623803,0.8672092512677669,0.7447118714961001,0.05619189219397068,0.02653702886430457,0.6746641864210332,8,INTERMEDIATE
1.0,1.0,0.9248695950826116,0.6236960045669773,8.266768997359225,5.090553796232967,1.2164340262699496,0.09858435345893012,0.9256620952553848,25,9,0.7631532799261108,0.6478548312930148,0.9817244415880622,0.741021943364232,0.0034907903603738797,-0.009468237847210577,0.9865330214530922,8,ADVANCED
0.2675713990631416,0.43101209759939674,0.3463858298654083,0.13953966288091843,37.50763708261276,37.66676765384984,3.73472835034854,0.7379569524601514,0.363730887726249,44,6,0.2156789367342821,0.11705938680537831,0.41646405115600876,0.3563364500714097,0.04800744015459176,0.021050192081637952,0.2898831657796648,8,BEGINNER
0.41431332847917196,0.6172304749177777,0.42487594705312504,0.08201233791901838,25.492725728228482,27.591195673586874,3.78154824695376,0.913564900001558,0.4383202032727583,41,3,0.08330000645263085,0.0,0.16375644792571276,0.29530048701389855,0.13315562741374495,-0.02127485983962558,0.34590372559353966,8,BEGINNER
0.30490127423432556,0.4900556863831236,0.2560489724403755,0.05808000079641394,20.585565079950932,21.80900637074396,3.4330290194780404,0.5158212139049764,0.41421915183544367,14,6,0.21564668616508087,0.07271795586363274,0.35921068071724527,0.25591546869706117,0.1119067318898135,-0.02136154717761615,0.3678681082192741,8,BEGINNER
0.44015727619114536,0.5891962591105022,0.48488884120248144,0.2593949952709364,18.462638733668932,20.629698875358994,1.5527771431948092,0.5636919056958258,0.6217103265332512,35,7,0.5550331416753626,0.4593951947808932,0.63793726550322,0.6389803795482549,0.028218173958564196,-0.08619478621549034,0.3936532241500973,8,FOUNDATION
0.6669548511505486,0.740588476458126,0.5745129256738283,0.44402961781657146,17.221641030754746,21.693566210650385,1.593211468513013,0.20108164589970104,0.44812020633215843,48,8,0.8612923206248123,0.6378717096539108,1.0,0.634155936037105,0.008456324497639067,-0.009968751147688644,0.6401848039612217,8,INTERMEDIATE
0.9945120451898851,1.0,0.8994384570464289,0.7109651248962102,13.760857771755514,13.750320965915574,1.3240665778273006,0.05308191904245714,0.9490081871302103,36,6,0.8834923656992991,0.8053124350252528,1.0,0.9930738109314499,0.08414069573030794,0.007551792576046325,1.0,8,ADVANCED
0.1615560272364811,0.170697828572846,0.049471877260712935,0.0,31.867377358180182,33.12373328286526,2.5761640282274243,0.7557446230706006,0.2714963574511309,44,9,0.1820223782239792,0.01585832916696607,0.3982500661898929,0.28943399602865455,0.07389271409893043,0.018365262595295345,0.1984490176778434,8,BEGINNER
0.05069921040779925,0.2176964031902436,0.14714266217876387,0.0,21.979532163093364,24.61600938777692,2.2457183445454545,0.4536171732216138,0.07519186363573896,11,4,0.08500099071770542,0.0,0.20407150092050363,0.10662266199080057,0.05464047915721132,0.11823625664581948,0.12558008259033748,8,BEGINNER
0.33420671718817135,0.4787746396960517,0.3705314546748841,0.17769850517507807,20.574178343756383,21.05936239833276,3.814239631348462,0.7216932538166094,0.1883040134528576,28,8,0.2939237912704078,0.10440792605096988,0.39114258562535836,0.5334681587437053,0.016075801700966407,0.07597874557172885,0.4617261124882175,8,BEGINNER
0.05793561644164032,0.2921117207621731,0.16323350702617084,0.0,22.22255220029669,21.45675495210094,2.4882594401266216,0.5173408768173343,0.1804433772520789,31,7,0.15343160467724828,0.10455874176911355,0.3060533731310538,0.10861663579059773,0.05446234445979526,0.06630887737658207,0.3335263005224247,8,BEGINNER
0.6134224461818025,0.7715983054496591,0.6163348784259504,0.40275503615390307,18.65544513192957,17.727451759628877,1.6799048217623158,0.23820108357570466,0.6220597699512529,48,9,0.4363542627049862,0.3028938792786494,0.669502007098354,0.5318241645695042,0.13940639836913787,-0.028877762239927555,0.8094202138124783,8,FOUNDATION
0.6618284877294467,0.7079169161104312,0.5655120599914902,0.30463335329908153,21.450661175220922,18.71604681747377,2.0343846452547814,0.5093634466210193,0.41974731896205897,12,5,0.3260146906224378,0.24412567929902504,0.5614295798086791,0.43327693949739066,0.08934581109117663,-0.10358222500636446,0.517096259519943,8,FOUNDATION
0.6331882326479927,0.7710748815047438,0.6872478463573382,0.4415797854394084,30.150608984148093,29.06352669387522,2.182106852796395,0.22809098000323685,0.6683039575121774,36,6,0.5281365982953056,0.44274205750790335,0.6828846457279267,0.6693072145527132,0.06587023628553276,-0.0004037686510775691,0.5747457016356247,8,FOUNDATION
0.46276631867158086,0.7689033550436359,0.5790638363473449,0.33004201695697605,19.057072949650856,18.648384807322838,1.9407848888201757,0.5160894936225923,0.53424552673612,41,7,0.4991122174257232,0.3049188605853836,0.5764463658316863,0.49119817289567425,0.04675831016933223,0.061516790827212287,0.5057961079801659,8,FOUNDATION
0.25747315869672643,0.3720287196722797,0.24875224245758942,0.08983193011363762,39.04928996852569,36.61314741105736,3.7294752013545915,0.6388227672982013,0.31231039578376507,20,5,0.3463315277760414,0.013555724702924182,0.4772939527225973,0.3179283027835439,0.02300271046741203,0.017220766454477246,0.2854093728058295,8,BEGINNER
0.7367061251251377,0.765370597804357,0.6266333792208837,0.4170397425838925,17.04167396852271,17.979737667036424,1.7763383879262482,0.20047746349256013,0.6145370902131799,47,6,0.8949655323229122,0.6442286105914276,0.8886266359203102,0.7546908914468835,0.05027958624688514,-0.03060521876300838,0.47213901220594856,8,INTERMEDIATE
0.612977117355648,0.7007995372679229,0.613669531719531,0.41232050643644463,14.810524742560272,20.150003161925603,1.9291244878689393,0.5298108174845703,0.8108522944183627,10,7,0.46023204978717625,0.24045936378204685,0.4985775028727048,0.6612397786347743,0.010061471608264122,0.022960921700724415,0.5633531885050698,8,FOUNDATION
0.8706391587241,1.0,0.7039575674342926,0.5330063025408142,2.8842165231058075,4.187968313206013,1.1333384064664083,0.06169880771942332,0.8114430084495248,47,5,0.8355193696336803,0.5775312249471554,0.9257636271909931,0.7868991934613423,0.023422889604928554,0.06678391965737306,0.938649542886294,8,ADVANCED
0.14036563526589615,0.34106037664128075,0.10548525813528757,0.002241570088504237,32.9572040756583,33.06303406442497,2.279313160789497,0.4320684344514841,0.13049503199797685,36,4,0.20418144948582667,0.02587002221603347,0.28073763735191476,0.17882826154182607,0.06321368258887469,-0.04255567881926514,0.06727155010395504,8,BEGINNER
0.4862732123017,0.5894150119419092,0.49984237100649687,0.3756796172630791,24.300317116463866,24.02651854485044,2.1866516015984523,0.47152663779814985,0.5943142111958195,20,3,0.31599672325899664,0.23545996335956548,0.44893944294804655,0.43560545777781295,0.08312670037736901,0.07145778186628218,0.5648962813474857,8,FOUNDATION
0.186572470820673,0.3040172518484507,0.011255037030961881,0.0,36.750735681570745,38.02646388717293,3.2465921063875287,0.8006578481235843,0.12197542504525198,19,5,0.08960797939609531,0.0,0.20979289573294474,0.02978980071602816,0.08496069604453457,0.07268208983039198,0.2698039211387555,8,BEGINNER
0.9166352955734822,1.0,0.8989245362087772,0.6473851161939316,7.286075750870268,4.959658367013256,1.143267628701303,0.03521867536638547,0.8983777502602337,29,7,0.7215386711920406,0.6294172190667081,0.9744231680814796,0.852695798012929,0.10420447062816401,0.05109049811085982,0.8062449999066086,8,ADVANCED
0.3863596720446529,0.46070740406248517,0.39648451454828837,0.20800390926218135,18.1718603596465,18.133060189339044,2.029397988412846,0.6030539454897428,0.3704580508521255,18,9,0.49214602596287327,0.4466749835953021,0.7355784569968284,0.6023519563582101,0.13732324463820628,-0.04383742879101547,0.41320580051935707,8,FOUNDATION
0.9593043492421285,1.0,0.9950196352162853,0.7178437243290612,16.176280168369466,13.359399256646338,1.07731856673062,0.10508345968571317,0.7769995084090023,41,5,0.9024575210397611,0.7232208801009775,0.9415960912599405,0.9176196159170746,0.0036601172334807027,0.024114199463771212,1.0,8,ADVANCED
1.0,1.0,0.9215058563692212,0.8164502062951449,11.666262445978527,7.984258127363833,1.0383675010122626,0.06262959845008734,0.809335931335832,21,4,0.9335922480984576,0.8277906010533285,1.0,1.0,0.032738083179759625,-0.02991770203693955,0.9305231381875306,8,ADVANCED
0.9287725218615808,1.0,1.0,0.6915537471295866,11.282039820254214,10.616580241198854,1.1383412855714619,0.044472235449552935,0.9077647143701255,24,3,0.8388323841686416,0.6488238372368638,1.0,0.96235544143823,0.023084385950978257,-0.007611152214048563,1.0,8,ADVANCED
0.23045289234380478,0.3917072488712249,0.27538559640426935,0.07781516636737532,32.91881270210188,33.61192869552257,3.737227002511356,0.40582855647195476,0.12316040406657136,38,6,0.18204148497124467,0.042707422016532076,0.37977738455028553,0.21694569736106545,0.07208798659899719,0.0794196636724042,0.3575425731042511,8,BEGINNER
0.5705615983185628,0.7500546779002475,0.5744890919633321,0.373685725424738,20.435438080143605,19.50784068472835,2.3831706147786687,0.6018780357809923,0.7065737258918106,40,4,0.4512034207688725,0.278041639834774,0.585242573144719,0.5192151409548899,0.12269505361785932,0.021437241146740876,0.6556809947763029,8,FOUNDATION
0.21838564900952764,0.44427417611774683,0.17072252820482384,0.0,40.12249092796998,41.201176840311945,2.510077608889624,0.7298578397968513,0.2469010909241278,14,9,0.23271583983296634,0.051063702947622025,0.3830898833200638,0.3307485586611256,0.010102590220315755,-0.03132576497055302,0.04131472787401738,8,BEGINNER
0.6596862565062898,0.7797906217925316,0.5851452390874804,0.4048835881031784,15.664409210522962,20.46701329910704,1.7327631822522638,0.2071697862244852,0.570786220783502,49,5,0.7063907326260533,0.6089971854637238,0.9503160182741421,0.8666150914637566,0.03311544191831406,0.032190035688559944,0.56630921799419,8,INTERMEDIATE
0.7606467315519356,0.7648106434332447,0.5920386232033154,0.4337194782554901,11.419406885098008,11.753918367131694,1.7364075383316864,0.17568647008636534,0.5431609393305079,44,6,0.8599041207662655,0.6548521578814878,0.9605535515202919,0.844692618585823,0.11415359864144983,0.042385428000865755,0.5927653795461081,8,INTERMEDIATE
0.39241664249015507,0.5450032512616916,0.33838437849979064,0.10834079450853847,35.29855008265047,35.18991341155582,2.2331874747857925,0.5611909433814606,0.4327244605983217,41,5,0.2094851209143287,0.07206061058492323,0.3646783189693017,0.15451409389412032,0.07199082520756853,-0.05919514117428616,0.4370875268362499,8,BEGINNER
0.8148504723427727,0.907112364837674,0.8902005143856587,0.6588987138260847,9.954259905824244,10.423074092478103,1.1942894056874778,0.06803999339324268,0.7903128610452415,11,3,0.7108635348234477,0.5448817467285918,0.8809077325790399,0.9247313999082898,0.12008800486636242,0.05204214306335049,0.7755535739881799,8,INTERMEDIATE
0.26867990879439807,0.5315280810698346,0.30882536129767946,0.11059223243227492,21.99461305722741,20.05225962244277,2.2128435654814225,0.8738327914326182,0.38594362196297427,42,6,0.2613623266486197,0.20042049650623459,0.37281906445626867,0.2617500849064548,0.00905281259858457,-0.012570900180722416,0.25221820813874535,8,BEGINNER
0.8382407881113989,1.0,0.9258356762294836,0.6612747012081497,8.444964874047468,8.488989244429328,1.2192914987015375,0.0,0.8137208639821135,44,8,0.8910198051445206,0.8002896857234314,1.0,0.851872442538166,0.14814743456040866,-0.05321874401049101,0.7145139688128103,8,ADVANCED
0.8217540904826826,0.9116921474444744,0.73063096557751,0.5483102299968488,16.499402172526068,20.38382213299151,1.3714810676402651,0.17551150699293752,0.653106207247995,46,4,0.7845458159007124,0.6037813105707406,0.8358312490185271,0.7633135243482664,0.1306124851908767,0.05858493553241724,0.4937838257057697,8,INTERMEDIATE
0.463151181644433,0.7359265947994043,0.5045001953648837,0.345210449517014,20.77238189201804,21.34326387699953,1.765815621807153,0.5236153177246864,0.6275119373751923,27,4,0.3243693326174412,0.2740951513072224,0.5415682488811815,0.3141919483347209,0.0055007140400314455,0.002537114784078559,0.595651576229281,8,FOUNDATION
0.6643761804351032,0.7369070957067766,0.5757037289674878,0.40567039060504934,22.4052285632721,23.649399493181534,1.602345723583555,0.5378087928461844,0.6480901640523453,30,3,0.5486681755660792,0.4143277904760827,0.6850220538197552,0.6502876800717966,0.07733940428688753,0.12441873523903639,0.5920839644383453,8,FOUNDATION
0.07780362892701313,0.3546936446551427,0.09945795692363607,0.0,35.833750716110444,34.58929714270554,3.361906757164192,0.5191747761847856,0.3493336354856309,44,6,0.1587050484665589,0.06686228496613737,0.37093750359625716,0.22545901052115663,0.05907966084812377,-0.03715024563652418,0.04726181116845312,8,BEGINNER
0.8646848474264754,1.0,0.9216125089021693,0.67807358083733,20.48284310156188,18.086956447392712,1.6161551899620592,0.20407299656321826,0.9068484619768049,40,8,0.6265408361339078,0.3989830134673829,0.7180780076546042,0.4591855764022307,0.0008637990747182356,-0.0348137543447601,0.7346493608351231,8,INTERMEDIATE
0.6407409200137771,0.7591310164740904,0.5242326447480725,0.4712619522741741,23.69393531332115,21.405572955829335,1.6233112201419828,0.4095647809792681,0.41968291533059904,33,6,0.3342974930332591,0.33578107130662965,0.5947628863837217,0.47604286454763234,0.1433285543932402,0.06267077793901539,0.5384253069668815,8,FOUNDATION
0.8304523567371644,0.9173194994390332,0.7616345114874958,0.6593931668488364,7.2813336474781485,6.604123711311485,1.1368582184221456,0.08586796097440073,0.8881564491698737,20,5,0.9582068809973927,0.8069590922604327,1.0,1.0,0.07877450755005902,-0.010068382197560684,0.8364306849835239,8,ADVANCED
0.6704019210577362,0.7926704188690782,0.6702555710769551,0.49130559737716023,14.933176607850656,14.87604815840313,1.4149594107287078,0.2183530915662421,0.5238801687453715,43,9,0.878210555968742,0.5785385570398307,0.9060864589195996,0.7188909922524752,0.12339214777705175,0.06474621884722206,0.8097065396612333,8,INTERMEDIATE
0.24574809833968375,0.41945241533057254,0.3098346890902307,0.14838701928427905,34.978962388107576,30.195221303483162,3.50052261232481,0.5569817840416078,0.11862670352677787,29,9,0.21108062646643522,0.001738334481122053,0.26857259433677383,0.0,0.10763966484872643,0.048449153959263774,0.417429527253255,8,BEGINNER
0.3413619334433956,0.46262879735858314,0.37552998410965727,0.13532714914376387,28.880434943543268,26.856967473758147,1.8564595853369663,0.3184233779679434,0.1744522464395504,23,7,0.3444003033713077,0.2593260942208143,0.49664842534723136,0.25519628930308824,0.08434452238168647,0.0172115461171147,0.2945704196056797,8,FOUNDATION
0.41047361413835526,0.5023074798281758,0.3086457335832701,0.18265277269268373,27.902606292861854,26.417637021034874,2.287616730484233,0.30156964766413635,0.4015372102629226,40,3,0.46029808318807686,0.31423107887665863,0.5315815639656755,0.34613667069879867,0.054020461120727864,-0.07181026865516484,0.41964224104701936,8,FOUNDATION
0.48825223007882895,0.6292162794918935,0.5301145863008392,0.26964703494201814,23.269976043591274,23.05688922164348,1.9301544375415254,0.6173589067625931,0.46666478648190984,16,7,0.44239104203354296,0.33158735787664156,0.629722350175975,0.588767856591343,0.019878700911277265,0.04373491164399764,0.6813509730200654,8,FOUNDATION
0.6287026425954785,0.819097540330678,0.6464090777373928,0.3535892114403922,12.693571235338256,11.098359072530407,1.3866010270174223,0.10075846896257014,0.5643814674317357,18,7,0.627315667819111,0.5465010423349889,0.7912081813677135,0.6693758234956162,0.14922994757546507,0.027433372860105578,0.6167427791256599,8,INTERMEDIATE
0.8236435778318052,1.0,0.8510811178113599,0.6432047197665374,7.087725733716988,7.40449566901063,1.1151645757462618,0.0,0.5876603052686711,15,9,0.8294333503600189,0.5643734198772841,0.921479084703421,0.6657060521921192,0.12413068433503113,-0.07009902187900098,0.91334389953695,8,ADVANCED
0.26295611949353903,0.3802884809643845,0.1689146280439881,0.0,20.321967542149885,18.423687528167303,3.7266355079058755,0.4702536066270053,0.22083734818827314,22,8,0.08113398084982888,0.02402154232083114,0.30252781132325873,0.0,0.11775248157555852,-0.013453636932995828,0.3080385744456146,8,BEGINNER
0.8172661916771231,0.8291150348636811,0.7465055496143133,0.5243654100341725,21.012198373056822,19.970226990986077,1.7344338094013731,0.021935693723272073,0.7553979953077596,30,7,0.5797818870239075,0.44540157794590735,0.7729016708047582,0.47895502655854316,0.05245548446187743,-0.028580701925532578,0.7638220113574864,8,INTERMEDIATE
0.2101235427014258,0.3325893556394062,0.2177907449161306,0.0,32.20112942020553,33.487233956296215,2.4375307716725714,0.8142707029686005,0.2746955093228585,31,3,0.1924600644467353,0.05964270869362945,0.30696919249569965,0.17902204726204038,0.0984717910997254,0.0017523635228557342,0.0850960272131048,8,BEGINNER
0.8293681289526048,0.9765901451374474,0.8558011450223484,0.6812176707588582,11.04171580616145,8.737691390873021,1.1058757451202639,0.0580694964938602,0.8155616975135387,43,8,0.9159656942836276,0.7187424789159986,1.0,0.8537005713529987,0.14770046092867622,-0.044841597397792324,0.8328810701290629,8,ADVANCED
0.8001516699783466,1.0,0.8582179856194881,0.5094875130684628,15.215385727555576,16.86990195818327,1.6753159670265392,0.27660836502146047,0.8944691983557598,40,4,0.5908544396280725,0.4523966672871443,0.7948005673624234,0.5107065313284499,0.1487714927024045,0.009548837135698736,0.7364046961274923,8,INTERMEDIATE
0.7108404829895073,0.7705197634412556,0.6443080503235789,0.45174331839368453,15.760916334132267,17.978993394140605,1.2195224993700131,0.22497298476039618,0.5622596908770147,22,9,0.6668983223094012,0.6251194298872419,0.8187894280448416,0.7112397099007602,0.0587288547266744,0.0666295415936545,0.7854962938516638,8,INTERMEDIATE
0.24833152374894651,0.5465893774110661,0.27107593987145734,0.09219925237912534,34.50807185061403,37.745262222778074,3.3650659985057216,0.5280417789747132,0.3815208360727144,42,4,0.1707464621420347,0.0867190331754031,0.37689370475653955,0.10617204428067904,0.10615214021113736,0.02442034431459237,0.40407920772237316,8,BEGINNER
0.4699082451739917,0.575776342239624,0.3430264167954249,0.28694038632859453,23.952357883658834,22.092388196076744,1.6979635428262279,0.1874682100356729,0.35701508040477986,32,7,0.45289525706800277,0.22401535499347974,0.49247695441834294,0.41254645077391383,0.04480883603831596,-0.06842196827814258,0.4768728737841096,8,FOUNDATION
0.6367780940401214,0.8068096732096036,0.6276026518692464,0.3029612213136963,14.26005905128054,15.482045854291393,1.2712468993037624,0.1884811421298488,0.536739118626647,15,8,0.7683349727463611,0.6067360780190134,0.8518420638847591,0.6614152435132373,0.037046819860799975,0.008676055404923663,0.6759145950068636,8,INTERMEDIATE
0.4566074657117421,0.7720217485434417,0.6146616735800109,0.3637531008694785,26.78463978877746,27.166597572031815,1.83131660798473,0.19969382915843936,0.657245946687572,17,6,0.37220748157669953,0.30824345185683827,0.5831398786202878,0.27340877114461104,0.017114367733190004,0.07823696772285857,0.5436789093748009,8,FOUNDATION
0.5780930679689092,0.7404077553450139,0.6128005930311725,0.4241589202106167,26.47387329580253,22.768215885577305,2.2772380013835987,0.18259052346640178,0.5993864226091179,47,8,0.44594782553206336,0.41886730094975755,0.7068599575186058,0.36492955369239766,0.08181478041103582,0.021039685383770396,0.5469445820540105,8,FOUNDATION
0.6906727932901379,0.8171435389863039,0.7209434851989792,0.5960438923227174,18.508940540072388,17.610428491714043,1.2518534575300726,0.022181405099160736,0.8031209471139553,31,6,0.5590972845379271,0.42792678980685145,0.6753995918838079,0.5203533847680128,0.11634177763879912,0.07742228545983774,0.5683484935276502,8,INTERMEDIATE
0.7544309316680737,0.8334426109043286,0.7502844023393349,0.5935270146516782,19.291863335816036,18.812948935318303,1.6977874791802552,0.1357152762646925,0.7927408902817498,49,3,0.6813202346621382,0.5328597508909259,0.8735447162064486,0.7847360787032668,0.02281564248334093,0.12312624596215725,0.6589957083299476,8,INTERMEDIATE
0.3116052341148577,0.5361402653825842,0.35536769727197426,0.21401141030619483,32.478907574662266,32.693699113551375,2.893485275871557,0.8998531234586935,0.3841633406799353,17,9,0.2430623924477726,0.11914375590178775,0.47660058386870496,0.1600664505603429,0.07067518483992219,0.07699392805645228,0.35149298907072074,8,BEGINNER
0.5635622300414493,0.6199994953551359,0.4777283012199691,0.2651280455819434,15.968772975083926,20.791711811182946,2.33772001599969,0.1935821900560605,0.6226490274337214,43,6,0.5503722975456877,0.4052520053390969,0.7170965080802761,0.46946814321763763,0.048765602314754845,-0.0032308648649196532,0.514356506644917,8,FOUNDATION
0.36304015664905653,0.6036676276246502,0.3067046114414572,0.12283392914549335,37.768638204176625,36.920404286798394,3.320826830044771,0.5640974007345885,0.4201933245279129,20,9,0.20092090350251413,0.02906459646483954,0.3904300081494637,0.1321725367664456,0.06905374068028894,-0.02872646523353208,0.3679874517939559,8,BEGINNER
0.6980699788912634,0.7819470533634326,0.6641243219664201,0.42127898691316645,22.839400132350725,21.534201458543773,2.271602062544271,0.26124300774611015,0.5903645552876988,21,9,0.3501919021888367,0.1509276104660663,0.4376809868446581,0.3424026525627441,0.03628407423882585,0.01902901970561337,0.6187857159264558,8,FOUNDATION
0.5770226248880065,0.765037913918424,0.5242847843624541,0.32106615912982717,19.638890998831133,20.66066497521296,1.4554075225592962,0.5091957286293806,0.6270270082675706,45,7,0.4142260508095774,0.10400972766262329,0.5730651082891305,0.3237637739998428,0.11608194835952346,-0.07153164484282284,0.6003714962974652,8,FOUNDATION
0.543627349803768,0.6338519743241734,0.5336349522423824,0.31929747710651746,19.06994956479551,24.299691694306784,1.7517673851354294,0.5550074579044946,0.5932412390805805,30,7,0.48411576332748124,0.33017443339174185,0.6174128303760079,0.26861717428933973,0.00684731182535756,-0.001465111225863,0.47673319522571767,8,FOUNDATION
0.8637644489252743,0.9367648863053025,0.844182007426056,0.6220346409990201,7.59932614822229,8.301427573407073,1.0,0.06682931106494769,0.8436291817218851,13,7,0.8944364471883023,0.6949167465824481,0.9710681505256046,0.9684701572256388,0.0740319870510178,0.021065582433597112,0.8277135131023292,8,ADVANCED
0.44390361494107133,0.6726108378071667,0.44942983748970966,0.2837918367945272,27.384619308034488,27.905876575746664,2.1421867303309665,0.44399836363083395,0.2556332916527793,24,3,0.49937624747125986,0.24875945008609543,0.5989025271311275,0.40647549918345677,0.10028589700843711,-0.03451995387214231,0.589423043941351,8,FOUNDATION
0.5719109272749139,0.7706079722672409,0.5453464856409027,0.4079607812957619,19.066409494473447,18.92475261848983,1.6987352642825484,0.10905091481132283,0.5476603052328396,14,6,0.7136662566594413,0.6223094036456206,0.8157152691916606,0.8059697316550593,0.1038739240003838,0.04135971809358424,0.7497501667942951,8,INTERMEDIATE
0.404620375030358,0.5009286532002276,0.4072347082716428,0.15011116799036195,24.03878432466682,23.281939238909466,2.4003790463923167,0.47001283392036375,0.5900962989950429,16,6,0.48847533524565334,0.3651877161966461,0.6891744740004734,0.5205611268110586,0.09553534761821149,-0.008108401328915108,0.42515629973390157,8,FOUNDATION
0.4420449606710717,0.6073733064599984,0.4028850725229357,0.26456830074222254,23.139010047648522,24.072236470912074,1.77252097905536,0.34615860476956284,0.39972665946636116,11,5,0.4976557017242113,0.3401963887871477,0.7330685504457387,0.5592281367146267,0.01742084403007884,0.005225984098541981,0.4358905228456581,8,FOUNDATION
0.919978839019357,0.9815463918026371,0.8342158662687884,0.734977614585929,10.76220907809381,15.023431844209636,1.0741978031225292,0.10748127582773365,0.9335749585390808,43,6,0.8869725924119946,0.7464722110361517,1.0,0.8536387701056427,0.1449626078799611,-0.07896499051878939,0.9683625382557058,8,ADVANCED
0.6898471570863524,0.8827165480474536,0.573321695613803,0.4596341364982499,15.331722300650531,16.156394859906502,1.6456794951597307,0.09707594152835519,0.6601731414858811,31,9,0.6843955958888225,0.526413464275756,0.7914285089294613,0.6879236314250615,0.04136513523770354,0.0028403862251294744,0.6248297516412135,8,INTERMEDIATE
0.8283837580325293,1.0,0.8507498895771128,0.6990369009416768,6.047824726489673,13.60326179362608,1.0301848579494404,0.09723080379137408,0.8533235559168173,40,7,1.0,0.7883931811940841,1.0,1.0,0.07656487335063483,0.05279503882648805,0.9025922340526684,8,ADVANCED
0.19447020376828084,0.32407213225589865,0.21171717926584688,0.08617271411448307,36.36038924471674,34.96722457406186,2.3413798375010435,0.772075130124302,0.1789048809730499,40,8,0.25914053571980916,0.1469900770598443,0.42295960084616535,0.27268922924027045,0.013290707095451859,0.07350751191582137,0.17743373413944902,8,BEGINNER
0.47093055383365806,0.623641486098196,0.5025623188555253,0.24896849895464662,19.793420386252464,21.687329232305355,2.308543622691725,0.23543871578525652,0.4803832166700072,12,5,0.26990146138308646,0.13163138623457224,0.5134489125806118,0.2568124277702312,0.13938420804477808,0.06147374209658743,0.456625855635864,8,FOUNDATION
0.5609640256950701,0.5774900759471818,0.3419554881120962,0.3021235731408222,28.208162995659364,25.846086985577095,2.1244590375708414,0.5670106367883212,0.5736433555668685,42,8,0.3191313893595764,0.27081919471974386,0.6557917012903538,0.40705029606267656,0.040711407067007155,-0.005448181285374939,0.34626380274262286,8,FOUNDATION
0.28746311578787204,0.4075578074564427,0.2896362581361263,0.1366221280395948,32.9071662253499,34.11445474214932,2.1128281631130053,0.5451446276345666,0.21111340508302323,20,8,0.16223748373151947,0.0,0.25288667887333094,0.20536357350345397,0.1364914715781588,0.03952324249644448,0.2806095688329213,8,BEGINNER
0.3543756541805314,0.5179123160412837,0.31053865949904474,0.11597156532125265,26.517672318244244,27.436903253085895,3.4692912982457766,0.7765501612327412,0.29216115238287294,48,6,0.17625334484881516,0.0,0.23395376043452382,0.1437091231422274,0.055471988398076495,-0.04103562129570794,0.40491552570685513,8,BEGINNER
0.822154330798539,1.0,0.9182715911261039,0.6010586230628764,8.886891033952528,10.997409916923333,1.12415436624056,0.14177447057557144,0.7012884754897917,25,7,0.9108059498062244,0.743780157019541,1.0,0.7599377245570292,0.008713792812052467,0.02204595876978606,0.7579839333832407,8,ADVANCED
0.5892140719556574,0.7009265989922328,0.4725273847828928,0.3910926795926499,25.511641573304875,21.471015017977066,1.5174015929441615,0.3217936772472237,0.602890657003863,37,5,0.33176397235524663,0.19017708236854836,0.49031730288188285,0.34825559047745885,0.018832532214398005,0.020980832884699496,0.5816284577474871,8,FOUNDATION
0.3648774472197502,0.5546991674778888,0.28769342076539006,0.1887767038738556,27.95106088345915,24.323631849664768,1.7544667299276109,0.38739277204844846,0.33730330898646493,19,4,0.471566727793274,0.23261462664122398,0.5032404002266825,0.38387563554291443,0.1436684701482306,0.02104432441479809,0.37372178146748336,8,FOUNDATION
0.8776910970612036,0.9914934603472715,0.7580360094641636,0.6259341462326153,8.250256177061228,8.393961718588924,1.1862146584353725,0.0,0.7325231561899814,46,5,0.7712276791543846,0.7334732979295705,0.9803090209179893,0.802121819774631,0.022095456641845552,0.02758789961243702,0.7264824980191908,8,ADVANCED
0.8875476765937564,1.0,0.8644569198404992,0.8047212440377125,6.217089573873145,9.442335536489173,1.0069444832454357,0.057924575095867584,0.7721245173287283,18,3,0.8280285450335543,0.6741901602116607,0.9580335299450419,0.8388198439718161,0.038931267476413546,0.12121548116434264,0.7862848299427867,8,ADVANCED
0.3079973396948257,0.4376603682559615,0.25462863393295837,0.11109659362872755,27.41084921524804,23.611249203947256,3.8877733817740565,0.7316339102506335,0.19105934170337296,32,8,0.3198558812464778,0.1305826658263012,0.44620013762362665,0.17119479395548717,0.04825049844893229,0.050225766317768344,0.3242687248530485,8,BEGINNER
0.2643157812819347,0.3407109951699964,0.15029311964772546,0.0,26.41128199842828,29.865314848636384,2.2520457910139196,0.7362430105759422,0.28738377154392436,24,8,0.1261578265909738,0.0,0.3247694400422204,0.0,0.036059836934026035,0.020713653391821706,0.15229545274419853,8,BEGINNER
0.11697371165346195,0.29089963802132446,0.2105010182234745,0.0,26.738860592053793,23.608791379639758,2.4750790831217406,0.7668694959660506,0.09276694991999689,41,6,0.15328626925450825,0.0,0.25659931626598254,0.0,0.04973470486007906,0.03818159413124839,0.0823804658522393,8,BEGINNER
0.14289628929471668,0.24677391568303925,0.16858866046694537,0.0,31.619590495442786,29.186229952497342,3.6640226685659973,0.6101795661108737,0.22595517191881123,21,5,0.3226687441196352,0.01023848493776644,0.4015812339058051,0.1858373529687921,0.0455913768382541,0.05396866414782517,0.028798754971152418,8,BEGINNER
0.7888861316571617,0.985209389435226,0.8512758702367609,0.5995294004704064,11.83428866702101,14.4516789181028,1.772724899548717,0.18026668604484758,0.8206381590291335,38,4,0.615244013171356,0.5265772102978364,0.8757372289007238,0.7207023085070162,0.0444839868308896,-0.05515401508799091,0.8897378159603793,8,INTERMEDIATE
0.2943245917030885,0.4582534422490728,0.3039329627161844,0.09495998143172274,27.237193447212036,28.473079578342315,3.747428822132033,0.8453307532487582,0.3218161409236151,42,4,0.13682227890315782,0.0,0.40468846346540654,0.29553412333868767,0.08431091916038566,0.019720199058547674,0.30765567170943137,8,BEGINNER
0.32301691374543684,0.5310591410391469,0.44342975925546657,0.2276708518848056,27.017990423896293,26.06643266831483,1.525899729822047,0.3207259584359816,0.46879344309973076,17,8,0.5569103428977868,0.2781945496847551,0.7407193312660021,0.4879779500774769,0.04350682979436553,-0.023138788202156032,0.42903652229060724,8,FOUNDATION
0.7031098667799761,0.8161043171401772,0.6306287483259181,0.41249337811783,13.5138734355977,16.967240532841096,1.5827514080413174,0.3190950184796278,0.5757728717729098,26,3,0.6710357974234242,0.6028175126497285,0.9468857225008885,0.6404753091464359,0.0498684235723068,0.012205091103166624,0.6187539909788766,8,INTERMEDIATE
0.8948389334575767,1.0,0.8673242452032099,0.6676546457689885,12.01039729947617,11.274169184805947,1.0869464723616147,0.0,0.8924721200931638,39,7,0.8582285469800424,0.6621308110815529,1.0,0.7547872786844497,0.03079994080601997,-0.012501196720344911,0.7757159447381353,8,ADVANCED
0.5406247337286366,0.6928576052786525,0.5563114485294202,0.3568931821721277,22.429102094553766,25.5531405804025,1.7003592972616886,0.2902873566880449,0.6483943930967535,34,5,0.6233412708874431,0.3637350187627785,0.7298156817524638,0.6182405444424965,0.08813788066641028,0.07236588533107242,0.640594018436589,8,FOUNDATION
0.41083613550091763,0.4879146059583955,0.3828487638020725,0.10363525057278672,18.749418785945657,18.6221688297913,2.480111807287911,0.3616253520154882,0.34147120794022573,20,6,0.5161801756133543,0.41235701225154997,0.6939505209758033,0.3456515475307171,0.10710790850671902,0.05448539026225972,0.3833531114427589,8,FOUNDATION
0.20290996526469668,0.4097635854712916,0.15947271250009362,0.05526171905649749,27.410314071728518,25.82400334311477,2.1703057351216404,0.45375890712340483,0.19519035609438173,34,8,0.15059813095185343,0.07847815638948442,0.2836292604655927,0.08092572909646448,0.1381149912695036,0.07364890238830059,0.36362267768048895,8,BEGINNER
0.3936043859888112,0.6451806071265542,0.430241634937029,0.3465035712853385,28.981976419238773,24.23028912511919,1.899389709476797,0.5579342050499233,0.4218216109960222,22,6,0.5663332658493389,0.4179119394412389,0.6841174380427422,0.5192915445059736,0.0982760571786507,0.09218160017344071,0.4045956185921634,8,FOUNDATION
0.09652967999326775,0.23642968515627438,0.13764655674078624,0.0,31.050239414855874,33.38399345630081,3.4622758126345174,0.7336051707942421,0.17443091377262343,24,8,0.10372580837536007,0.03740610227897659,0.22985243008030257,0.0007920785081327597,0.07584512301329382,0.008510018471240308,0.053035068952118306,8,BEGINNER
0.746787842660477,0.9061256477986686,0.828610296379362,0.4692386963715891,19.535431865304457,17.661786581700007,1.7420871270304874,0.17330087017490464,0.6840464367773765,16,3,0.5837112712723279,0.4972566029514587,0.794388489181344,0.4738940293395848,0.012533150626603462,0.022746705549992436,0.7033015463561582,8,INTERMEDIATE
0.4028519511567772,0.524299304267816,0.35195731869199887,0.14475433632356216,21.39139097025569,22.900919276711306,1.78985590057783,0.3384957117569998,0.5228870510213892,27,6,0.42100472624059093,0.2694693339910032,0.5167306661338282,0.23699152923596342,0.06179371425511529,0.036391058642154264,0.45554525650742633,8,FOUNDATION
0.33482762291416374,0.567175204744858,0.4275409484865085,0.1728873641558045,16.834534575123556,15.309467170569956,1.612874300013653,0.3323723993742136,0.6466977017566727,35,7,0.42609301550831524,0.3457231870215302,0.71962239100678,0.5189019140577097,0.12649892516818248,0.03945795978339644,0.2177531239398121,8,FOUNDATION
0.7034800484147937,0.8535942950950479,0.6779137516027332,0.4990384186112704,20.43113248326011,19.045905101212682,1.4308436266330307,0.28021693416532834,0.6568492808977655,12,5,0.5811215848858714,0.5131694622821898,0.6919669585319992,0.5269887824585671,0.05257808014292427,-0.011217269485661204,0.6980614996448457,8,INTERMEDIATE
0.5218476554887428,0.5823872724005266,0.4791969792243916,0.2889454901602945,26.04853104994794,25.5192827595422,1.4349463019990076,0.4876060399123397,0.5349995963832915,41,8,0.5896124417789798,0.37101265706810943,0.7373442829318166,0.5577976052675911,0.09307106775779558,-0.023054395508678525,0.4316203821752115,8,FOUNDATION
0.39356442025644955,0.5563292347090336,0.3826524181094337,0.2603541080069525,40.38442896576713,38.07217133540311,3.072598571745313,0.7299661265359371,0.46044609999736197,18,5,0.21209129335605417,0.06562634408587914,0.4425279430795267,0.23432135211218655,0.07605894701080775,-0.02538780900734602,0.4886655690571401,8,BEGINNER
0.7734696591498691,0.9425402531594317,0.7060979618789499,0.5201242000463623,13.913916830691257,11.771112389960287,1.3311640184955156,0.15473284029225226,0.8496951134268593,42,8,0.6874341968969166,0.5642217717138633,0.9281616909895785,0.7751045889686977,0.0552520820691527,-0.0069420928096369135,0.7280715918295126,8,INTERMEDIATE
0.35678354028284054,0.44833573030503887,0.41833618158741775,0.19363996845984932,18.06643072447442,18.181801218252147,1.6034421452929002,0.3875701987974051,0.37263945273885607,13,9,0.6218256711519446,0.3731928758235147,0.7321857732363845,0.5953282584739236,0.14964424461032347,-0.030834156428824862,0.34057648326840306,8,FOUNDATION
0.2392315476577483,0.4245747141192163,0.22746847417690597,0.06267706940174418,35.34815471590295,32.3473233706084,3.3336148705496127,0.6086434183094147,0.22261683145213496,40,6,0.25794280237929507,0.06582621691794724,0.48336603644895315,0.3067340625890844,0.1392273147170927,-0.04996530874009708,0.1916095693282981,8,BEGINNER
0.44151483951120507,0.5980812606626448,0.49335940906858405,0.21018360532727495,28.410585295318363,30.90628366068408,2.421526122780866,0.48771815562076876,0.3974536695127135,16,6,0.654336659360025,0.5025718983261221,0.6831051953263259,0.6854525412402785,0.023430985302993295,0.08154372565773675,0.548291911867639,8,FOUNDATION
0.38924976470690775,0.5042405424987803,0.3322850186892646,0.13470617017707434,33.44224116935,33.91335134658157,2.086500849384416,0.8038531669315855,0.33567393716284716,21,9,0.13348369416575592,0.1288081832625058,0.41968538460747407,0.144453841434915,0.004761564805948293,0.012458114421665233,0.24694691155359988,8,BEGINNER
0.812792991441721,0.9619197949981528,0.8308371853425054,0.5754654467325976,18.58247142009966,16.879108032129807,1.7115754087434072,0.1624327858198063,0.8082318870887772,12,5,0.7878820545759774,0.6361512095462564,0.8874144941041853,0.7529593064183406,0.03161896523250429,0.011161291844210896,0.6963537875008146,8,INTERMEDIATE
0.3772052220523218,0.5542655079496315,0.4240192857519544,0.1478051707029149,14.802731742503076,16.16708904103826,2.210572214798981,0.5716346532740939,0.30329382542558253,36,3,0.28544149351573755,0.22999880002001052,0.4723761740728162,0.30894754451388884,0.129698838278721,-0.026334915442365537,0.2268454640050249,8,FOUNDATION
0.7934460115415936,0.8796322765067984,0.8400193337389943,0.5586189101775507,15.757676284079862,13.921223926788606,1.161474963364889,0.11708416274095584,0.5687555808866878,39,7,0.6407608015053831,0.468371656533376,0.7135810636409086,0.6648761448929684,0.08070340580458545,0.006055830292462174,0.8685638603156145,8,INTERMEDIATE
0.294390225074881,0.37849241020357405,0.1616241818806407,0.0005944618154989229,32.97715895208235,29.577388333236648,3.6521224442260993,0.6265985218430903,0.43723142017927735,29,7,0.3296262361353116,0.1131095148045632,0.32249616289616884,0.39602173297903587,0.02118353150597242,-0.03838897756339675,0.14349571308052056,8,BEGINNER
0.4301555801059103,0.5689876241594387,0.43786726366474504,0.19811201736751788,25.393564701406454,26.853352007480215,2.546637699847793,0.3200916812681836,0.3311230947560276,43,8,0.3808512877505356,0.15595947394208082,0.4707317842463503,0.28716841232194396,0.13111076599577776,-0.021929289922361556,0.34467846631439836,8,FOUNDATION
0.25684935930755187,0.48196982370479535,0.3596477635941102,0.11571653938856363,30.673565952234366,31.878799145344672,2.333316407681621,0.7657664310491025,0.1373775869051581,40,4,0.1524839550100736,0.0,0.38353245383424545,0.20589417699008483,0.12413295784110703,0.0894168889104224,0.3132513907304298,8,BEGINNER
0.4790385635680636,0.6873555565029661,0.5089314555449533,0.39452064612165566,22.210501320265056,21.094678089888035,1.5200932734708947,0.4129691914359866,0.44518941877359913,21,4,0.6342434981676746,0.39882381403204115,0.7946375660918781,0.5116866713494929,0.0188229445198726,-0.016547813785773666,0.5951724901562495,8,FOUNDATION
0.7463487656871962,0.9562389778033997,0.7055037693298125,0.5786956543541131,13.483830587519776,13.809037002644642,1.1225840883307143,0.07915331702994399,0.7298224843980532,34,7,0.7930218384614482,0.6757439089277667,0.9095092030017283,0.6933620964800895,0.042242406315844756,0.06776502791188764,0.8207460813656161,8,INTERMEDIATE
0.8994460942599738,0.9565183675694151,0.7849582992003468,0.624105519107698,11.090329152666751,12.304317734923245,1.4397978802372466,0.06697493902227006,0.8960150796749295,30,4,0.7317517360492233,0.4593562347266514,0.8192073092695463,0.7095705438183737,0.08668366690411325,-0.027445826041241867,0.987316267354961,8,INTERMEDIATE
0.5741503583925004,0.7349465803068991,0.5889271810656833,0.36254818433087144,31.08379509499444,28.378774560433957,2.22630630957495,0.2970336622853269,0.43331573641403237,29,5,0.5821717223591227,0.3502531024979111,0.8180326544010921,0.6598051266570237,0.05159365298365283,0.025287689563574023,0.6835503772535256,8,FOUNDATION
1.0,1.0,0.9730949319901581,0.7566375223674296,9.74619677803326,10.542208574519142,1.0701919368098725,0.09728415045072208,0.879832490820674,39,3,0.9014863069786853,0.834357504750216,0.9431026735843436,0.9385436573046325,0.1407473592976974,-0.07539037789386956,0.8789457822514852,8,ADVANCED
0.14013139182876266,0.18846437791096254,0.16996413005223446,0.0,28.971307511202216,30.484376536222747,3.0992242557920404,0.4434049037624034,0.05746964472328031,18,3,0.29032119374029675,0.012434947415488798,0.24679447128380247,0.19328636534843105,0.057148691050259985,0.04758703999554602,0.15458530578019583,8,BEGINNER
0.5108205217215724,0.6545407653822877,0.5855959336679861,0.28639561480055126,27.96064594260414,27.84100120864134,2.4025072438519652,0.2554863737774142,0.4930679490458803,32,8,0.38424572367942433,0.2056577383131112,0.5543194054439509,0.3002849514165189,0.14077232373212317,-0.009326563478196777,0.5056745193292677,8,FOUNDATION
0.4466153289707322,0.6297269637108782,0.5007715790384702,0.2760113377760341,30.974533308801202,26.647888063300794,2.0562763421545345,0.5360878534641444,0.39498406122464663,16,8,0.4011782912521624,0.26629298389497824,0.5444957212175571,0.26951529592189893,0.07536409307495646,0.03607966056696193,0.5434828428881496,8,FOUNDATION
0.9521591699322842,1.0,0.9825028232605572,0.8462747182992035,10.292967316683558,10.999609806737451,1.1778823117279662,0.04791494379907927,1.0,43,6,0.932757027434872,0.7354756911478818,1.0,0.8488187973949344,0.07260308587641061,-0.07755509320193124,0.9764427329361847,8,ADVANCED
0.6765798633469526,0.8522832976702587,0.6381086510395645,0.5452760456519403,14.803435381561261,13.303530356455447,1.7718966262534557,0.08058762511640429,0.6106135422703178,49,3,0.6025951365114488,0.4922913982766092,0.7633478815593725,0.48685710657967224,0.14077946752096956,0.03807086586365514,0.7167829367158147,8,INTERMEDIATE
0.13457150587704259,0.4169700367776593,0.1683654949870629,0.0,27.89437713026156,27.211199319414632,2.3763083817704924,0.4614296965750446,0.14143778404700003,44,9,0.17959654974460976,0.05398063365352432,0.3634657646216174,0.1572941995048727,0.05893426633397685,0.02363402621646707,0.15924547354140686,8,BEGINNER
0.33827786905831286,0.5083616939671507,0.3837890759734841,0.08515346456676695,21.752103858255097,20.53751896928585,2.8800459063877586,0.5878147394740019,0.32630215742065505,43,8,0.13114553175147622,0.0,0.2756778713318721,0.15022002768494136,0.05061814184463435,-0.02483211136576041,0.39040034917969574,8,BEGINNER
0.2090089047431006,0.4103689817380656,0.18845715264431614,0.0781827176879964,28.11666145152228,26.516075644863697,3.042914357982344,0.5569680228026468,0.1132022742037902,26,7,0.26681121349576764,0.0,0.36468092645283046,0.07464069097058051,0.03897422069104492,-0.030110850946336244,0.187565795226044,8,BEGINNER
0.36697598412752613,0.5556200143376667,0.38314951909817146,0.2886882207559966,24.99739297537166,28.284667957613394,2.4136458342602265,0.5607178624502912,0.38119081629109486,28,7,0.5373312609665191,0.274963140610893,0.5577146512921228,0.5729863558736441,0.1275861792022674,-0.07415751040292919,0.49640308123449994,8,FOUNDATION
0.8220205929195497,0.9780515618135914,0.7586668487530988,0.6241958241349227,17.391552051816895,17.730698379814637,1.8124117149187176,0.10511588357430983,0.963723390930629,34,7,0.4680278188230312,0.4954341484823516,0.7499484828681849,0.47746409032623655,0.03394086450047793,-0.032507036980107276,0.8554787873030146,8,INTERMEDIATE
0.7444270184759889,0.9992505120470905,0.8257370169775238,0.5848185908133801,9.763613917081301,8.573625135501706,1.417112635221274,0.17831439010552969,0.6587240096820105,21,7,0.6141524632876889,0.463913995965689,0.8015742491021676,0.6059284044173598,0.010409112885627509,0.1634201527833384,0.8024739201362057,8,INTERMEDIATE
0.5852897325564375,0.8702583827289877,0.6374213886680312,0.43074425837596797,17.454091414287987,18.33145590947793,1.9094233218007282,0.4801048549734029,0.6504394127112133,10,4,0.4546094815666956,0.21509278838030496,0.6326075730788645,0.5954603503305644,0.002436516481418055,-0.025230718749688307,0.7190009675946998,8,FOUNDATION
0.750716903251817,0.9214690840118269,0.7283612252481567,0.4954965526028533,13.10857772888822,12.066898033586659,1.590435423122184,0.14137686447039505,0.8561644780451987,48,6,0.6423975562193665,0.4425975778441639,0.787184305315181,0.4204443768960588,0.09107029213253653,0.06382278227514677,0.6280319534432097,8,INTERMEDIATE
0.16472036144428254,0.3979235101404256,0.19903494706885783,0.0,25.567229789358503,22.720223540749547,2.724946839244505,0.9539658801850001,0.30866085785776587,22,3,0.07348258959105397,0.0,0.35593143142595457,0.18961714671706265,0.10509172445916774,0.04660030994109716,0.22340841827643004,8,BEGINNER
0.6733771093357271,0.6683367821995788,0.5510016185241722,0.38989705876394404,17.69178939895376,16.817295516587922,1.896727171299981,0.3262778940486262,0.5886879027612621,31,4,0.440548406122951,0.3909456877755638,0.6595102079345201,0.4855114365178656,0.10339656181540353,-0.009463582589465312,0.5020580023072738,8,FOUNDATION
0.7705142005059664,0.9485259572212497,0.9326841920565521,0.6544207741605912,13.990825131443081,13.805884107675356,1.4362682013733603,0.2138464156398031,0.8089272539087506,40,7,0.8136666221091894,0.543739039656578,0.9737758425569543,0.6945765714589099,0.0681275494105059,0.05394656450296392,0.8135241842055375,8,INTERMEDIATE
0.39006305348492715,0.42969749727822903,0.40904260773840456,0.13714814076312928,27.233162377851194,27.852482837151975,1.3826475138419925,0.2833633103352602,0.3152321062359206,35,3,0.5730258908541659,0.34538700330315386,0.6319161932886299,0.4676185879052381,0.09027101009181708,-0.03976468817996223,0.2423951609607254,8,FOUNDATION
0.4625661802747747,0.5420867882512246,0.3539944487343917,0.23784080559807197,17.949905727931473,15.59386397613822,1.8008012669030202,0.5029896647895191,0.5271204555242799,13,6,0.4073079685035916,0.3077187017127194,0.5289858821836403,0.3734930564579276,0.0227168282903036,0.11862710883949042,0.27716817137320576,8,FOUNDATION
0.49544306397868954,0.5116507055483517,0.40644204934355976,0.2103585945674821,32.12344182877983,31.633633164433945,2.2039710525742313,0.6876070312085112,0.4500775257138129,36,6,0.25733561867213756,0.0672800225495116,0.3808729240357877,0.4501820537095126,0.05714277675352125,-0.021603065242492833,0.39240214206109253,8,BEGINNER
0.8395003966708852,1.0,0.9293961567491834,0.7260519817691179,8.307113583053663,10.694946115786532,1.1853925142632173,0.06689363829881442,0.9263474688707607,33,5,0.802345731415038,0.6785962300507811,0.8825543074314981,0.8502891888628967,0.09384761841409146,-0.04441538087317688,0.8923960044418535,8,ADVANCED
0.2757323545572842,0.39105947187180334,0.26192280009400326,0.06062701263294919,29.512736253232156,29.21289204646677,3.3202784852342506,0.4853559308174573,0.0,25,8,0.35538705509514723,0.10367940635709404,0.344155736504186,0.4223107416511507,0.13170502692666855,0.11486443473865558,0.32506468355149454,8,BEGINNER
0.13284459199841495,0.25500263962386105,0.17045064965264234,0.0,23.94473753200501,24.024697296762792,3.3042464390627257,0.6539461119288947,0.028174969750520792,32,3,0.05313721069267665,0.04732155309643993,0.126768288346891,0.07646938555961588,0.003600756726733328,-0.030529910996445673,0.08818483392956289,8,BEGINNER
0.37066526428631646,0.5263432911992831,0.41182608953497085,0.16025029453842207,35.596124835455775,36.50827972479228,2.8678443612324567,0.5552774462665201,0.36870108306147553,23,8,0.20203828829943954,0.07213308045843224,0.37243184010248737,0.16969352572727991,0.06145093039387786,-0.048623277394205036,0.3392222609553468,8,BEGINNER
0.7588978380465818,0.8629886375080207,0.6866906662000066,0.49249335941355754,16.186197420076148,16.11607494397113,1.816903289405995,0.2589043130852359,0.7056238866360942,15,7,0.6445368301099134,0.5304057060952274,0.9129948648673257,0.5777158379298224,0.07257038097909708,-0.07158411236030131,0.620897958142768,8,INTERMEDIATE
0.7778457065481321,0.8532782397131495,0.7414468901181187,0.5358803531077789,15.379100984415548,16.168399813315727,1.5871425612257137,0.13449914020322457,0.8815480021619743,39,7,0.6060210655167179,0.38478544604038256,0.738573179580737,0.5372190033801386,0.0898948930509583,-0.058392971268272795,0.5961056863977873,8,INTERMEDIATE
0.25484961280016843,0.35431084156490666,0.24577976237221003,0.09150155673499934,38.9333022550717,35.27158499710967,2.9185721224714363,0.4100661283631593,0.25385204566052744,10,9,0.2039356481914461,0.01636571283693558,0.36977964357755244,0.19629225927397578,0.0644510045032722,0.03603928629663419,0.26439592205871415,8,BEGINNER
0.7514348577914429,0.8617632407400151,0.741214662747808,0.38405153666281666,12.128953268795842,10.692938143769961,1.244921326826019,0.06580790772810449,0.7691546882847511,10,7,0.5973879198524615,0.5206183704422503,0.7974054482369755,0.8475632789680285,0.0994540805584721,-0.053972211156986194,0.6835706668013919,8,INTERMEDIATE
0.9395758277917348,1.0,0.952172911728195,0.7059350994595928,13.065924677356431,13.79771068757841,1.1612769256342061,0.0,1.0,40,8,0.7757235591067102,0.5814267973416378,0.9940459017377558,0.8348147565585808,0.04550783154436997,0.054642787790890573,0.9883993466043156,8,ADVANCED
0.7727667712426469,1.0,0.7424984813479596,0.6437564889197186,15.102707269389526,10.359280518628585,1.5270845557848862,0.25612870388965814,0.6871295922957354,17,8,0.6167510825323269,0.4865903346660303,0.8355981195423307,0.690543442380235,0.12691863157953473,0.033340919814770095,0.7207547154683858,8,INTERMEDIATE
0.18800317247435033,0.3769849923840744,0.2817162752894037,0.017603000679861112,25.817221167462556,25.302281680570278,3.631829232879476,0.5017514917483162,0.36882951868365865,30,7,0.06948497945966697,0.0,0.3212957301574857,0.060283955556625024,0.1292127069143276,0.07963675827082073,0.14522264375875388,8,BEGINNER
0.8544594327393887,0.9966023276608934,0.7458355930557845,0.6439944679972451,12.999818270223189,13.202069578303743,1.1995005315055145,0.2571144641979756,0.9221573083701774,25,4,0.7822515275640219,0.6453721613970063,0.9978981647713351,0.8467468940513659,0.07666704577342508,-0.022526763937352198,0.734171143025671,8,INTERMEDIATE
0.9221291084981517,0.9084745685411653,0.8777297217101644,0.6254614551093614,12.270471564579248,10.833071512459863,1.476894822545132,0.2633496968461816,0.8261202339030843,35,4,0.7771734371509256,0.5408639742650402,0.826217937942492,0.6970510677686664,0.0016072946543038424,0.04120334307592256,0.8105464427800216,8,INTERMEDIATE
0.6193123486776502,0.722553512728719,0.4480852467355376,0.2518408500713477,24.799320587576936,24.511330169490915,2.216111720983413,0.28694718010198306,0.39495421964247535,42,7,0.43236436451352583,0.19324260893656722,0.43742029220638873,0.48902890488504713,0.07693121134579016,-0.021409813648261732,0.528884792536795,8,FOUNDATION
0.7947347216098138,0.9578918639503808,0.8579154147113462,0.7022881477488335,9.809319769566944,8.599587872754858,1.012009201243656,0.0,0.9523879225759034,14,6,0.9000841429818374,0.737277151107277,1.0,1.0,0.016590539830974128,0.08264213172137419,0.8424892410341678,8,ADVANCED
0.49712294516174377,0.6321410731043242,0.49935913760185924,0.28270042186607985,21.007382306527944,23.45669096672591,2.388611827356932,0.5454589370052125,0.38571841933568496,10,5,0.5678514286669696,0.38591116933688707,0.6250299902018666,0.6028585174384253,8.969082521929627e-05,-0.004878541919260359,0.3981518527753474,8,FOUNDATION
0.0809636139771761,0.31645655892990865,0.10538782990762954,0.0,32.94301203729458,30.38872251405851,2.8035908637934956,0.4928641364535852,0.014605613830057582,22,4,0.11818507737344708,0.001856461627019336,0.24286400668000535,0.16938812167384798,0.010580345638943483,0.02905313713855412,0.22471822891492393,8,BEGINNER
0.38702846666615676,0.5203539048239951,0.3784176971371508,0.19723912508512909,35.20618950788823,36.17702808006216,3.5690315089005846,0.4043914476670966,0.2649061882093724,37,4,0.15736535873858498,0.0011279208360066087,0.20096702272647582,0.2148897918205475,0.09683015346157833,0.0605399322795855,0.39970689535321263,8,BEGINNER
0.15342776449623463,0.35650117093438205,0.23381441109000958,0.041074167728019584,20.52793843638216,21.199697707022995,3.8563629490394344,0.6027330410148111,0.15665782421723062,23,7,0.16368294318744953,0.01615439737731157,0.3466528957954155,0.26888498637987424,0.12124023168244173,0.009873788646758499,0.17094518930595692,8,BEGINNER
0.4922913086602717,0.6751782113165388,0.5099774393809693,0.3052041469741072,19.18538084176877,15.855858595391707,2.4752620062425192,0.4799983146746486,0.6497797636461538,18,6,0.3836403564399292,0.23055421168785192,0.5814700744233496,0.5363936382193317,0.0038022906395907717,-0.035357840840122584,0.45189736962288407,8,FOUNDATION
0.34029689735645663,0.40613522013323566,0.26974194036471505,0.029879151878861004,27.64521488877959,28.209061925563095,2.2729792885899487,0.47342669746922017,0.20222983016650148,31,9,0.22542362170237182,0.1188716288265713,0.2746485835994706,0.10525437552448885,0.13747337266732712,-0.03486841594855333,0.16478983426188298,8,BEGINNER
0.6080708426112054,0.8248918380363051,0.6997908710507886,0.49348268208463175,13.691690523026509,16.48895984196813,1.7102188359664552,0.22617185611921448,0.4650930884957072,46,6,0.7799094128857579,0.6726584908716225,0.967144177600191,0.7080215609895574,0.12727076616093969,-0.07540010685616538,0.7801974598515601,8,INTERMEDIATE
0.8844124643829389,1.0,0.8837264990384815,0.6844609687865746,16.93094990336402,12.308989692319404,1.2081741902474037,0.027730630099155766,0.9609684116596598,39,6,0.8878541813555086,0.724041065215915,1.0,1.0,0.03240471605896083,0.015628233561140945,0.9560434373566011,8,ADVANCED
0.6062535888396973,0.7525672175849489,0.6674018046695792,0.4425107460588484,23.25044543531977,25.781438064996042,2.013879585875546,0.3772707189676036,0.7081369615969116,49,7,0.4955571347891893,0.3699900471089233,0.5408759321996329,0.4225708693519198,0.12236180709391813,-0.018628437437812038,0.48773915573216053,8,FOUNDATION
0.6816414775559455,0.7399170136927891,0.6243293469649418,0.3459552767783747,27.54158361065141,28.359224744665976,2.460608508004794,0.1768770616250418,0.6584195237338968,18,3,0.43350875463936067,0.15816537928383073,0.5725279165384303,0.4900298237163457,0.06530944850996272,0.022465416576011133,0.6678713920381658,8,FOUNDATION
0.4666117614324486,0.580380228955544,0.3459882401021172,0.11073451888662378,17.514668197690117,16.90624266949741,2.0680378027402204,0.33068892111849135,0.4164721048400092,17,7,0.5901907404147455,0.4359535980807777,0.7498561836195695,0.8330311288963637,0.05016637906771561,-0.036174701661979905,0.25286446031502813,8,FOUNDATION
0.650953370549522,0.8186204255977977,0.5613378033477575,0.4739836254305151,13.97310693885558,14.367061350668713,1.4883905928516588,0.2737382185621578,0.560562965882608,11,6,0.6010846815260797,0.4096263477855581,0.7227041464574604,0.5442138963713502,0.11109953715999389,-0.0231746802482467,0.6439479595595502,8,INTERMEDIATE
0.8688281855251203,1.0,0.894373420281541,0.6229637249548833,5.396111575441043,7.56477783662248,1.0779231642052087,0.019393603028893057,0.8451584986964996,26,3,0.926071236051337,0.8497596655973997,0.9700787043491763,0.7060785630359067,0.04732997709947032,0.059179483239930344,0.8711363068375818,8,ADVANCED
0.28917688864390195,0.42676770789684015,0.3797393445374855,0.09354616269760667,43.69845483163169,41.02246509958353,3.1902762650906147,0.7843563774611949,0.2144921854461572,46,3,0.33693628465336367,0.14173472122311223,0.48959820383723507,0.5136777564792012,0.03746162688440328,0.06662174354773337,0.296770760296546,8,BEGINNER
0.6917826942561254,0.8877481065692975,0.7516991296883102,0.5384276654527019,8.12089092513352,10.366643335876683,1.5101099109725529,0.3133530853974887,0.8248842673463791,35,9,0.5630443298843759,0.3773493919006457,0.7408209786249511,0.47572526204097626,0.13632397465752935,-0.011644013744239599,0.7897813657070387,8,INTERMEDIATE
0.4615821321373419,0.550564292035589,0.3929194938275424,0.14654995381486755,21.902785354396737,21.82233174857982,2.0804587258035596,0.26994675249116107,0.5523527864499445,32,3,0.5239970907828371,0.3516844838783067,0.6809105630150584,0.5334703860064498,0.013005985139346032,0.06297924361717781,0.4115975503397627,8,FOUNDATION
0.54393872816962,0.8198949637920637,0.5931957171344036,0.4099476731097211,31.50042117310657,27.998962102922548,2.5008834825508273,0.47107458918937656,0.5856528138640734,25,4,0.34372264458904533,0.25766234094048784,0.5344182557490706,0.3338447385871074,0.12027602526792089,0.032156172925644655,0.6832584749653815,8,FOUNDATION
0.37496156160025135,0.4800953491302933,0.4901431941932664,0.14227548174580168,28.024310080921122,26.37915884536364,2.7554543248781944,0.7145250781971334,0.3744665548441601,24,5,0.1497342755930484,0.0,0.377971767488425,0.2437565131914582,0.06290020206289325,-0.01676005173816233,0.5168025132838675,8,BEGINNER
0.3494098909402174,0.5191037897779339,0.39677109770981583,0.15241740631603562,26.157912780217178,26.55849991644181,1.9063810686216114,0.23094299373077676,0.20031483085732127,25,9,0.3759795273989534,0.33177690049466946,0.6696925444497238,0.5014756613207157,0.010313085963373119,0.07638901253169493,0.17631048838799487,8,FOUNDATION
0.9027008117618757,0.8936215219059873,0.8423350869231804,0.6940279416849328,10.380914018413144,9.625617518716224,1.1339800486995184,0.0,0.7646140256973908,41,6,0.910218621906328,0.7657031614692521,1.0,0.9226048237868145,0.051454006888503656,0.019535571921609214,0.8612775144645888,8,ADVANCED
0.38125945927028637,0.4918813594080962,0.32502404154370423,0.1380966448671644,33.235909727047115,34.55290266763762,2.3352582793100236,0.856053619790784,0.32567949697650667,41,3,0.18891492397140297,0.06186101706245274,0.35524861522470463,0.3204806540217771,0.07154750889264806,-0.10131960352676041,0.43880159780742317,8,BEGINNER
0.8476749349277157,0.9233617679814672,0.8418832100047635,0.5781037527208339,15.478260310863652,13.593261650425323,1.0,0.05651652369318668,0.8753825657820548,16,6,0.8062226133368497,0.7451626827749056,1.0,0.8656579724369755,0.04548296757663758,0.059892188994788334,0.7117000039026715,8,ADVANCED
0.803387661891899,0.9790299092359467,0.8939454599034592,0.5770247895206877,15.132612736594224,12.679832735326825,1.0,0.051371292222440704,0.8005570587105544,34,4,0.9953828556675672,0.8798981132048387,1.0,0.964115371736751,0.09170124843715892,0.020427804041217492,0.9040431528836437,8,ADVANCED
0.18485551303595282,0.38312634031656745,0.2836666936101666,0.06901721415817991,27.542525723010286,27.876635240749096,2.896227608641669,0.7050368155422607,0.21858776739143745,10,7,0.0241685702466628,0.04896256553983647,0.3229858368614609,0.21653577672500118,0.12951473666840768,0.03047671151313972,0.1280247303391518,8,BEGINNER
0.9548406401563939,1.0,0.9429347806846871,0.6903711046974549,8.600783391062267,9.213995882456366,1.1206697647844148,0.0,0.7928346623009425,39,3,0.9616137602087511,0.7585364315241329,1.0,0.7792858594434628,0.0736529644003365,-0.03398681606379242,0.8244318029976,8,ADVANCED
0.6131532475445057,0.831422775224577,0.5869499943804484,0.480467418995444,24.729300041848806,21.93290638511189,2.4223471389695606,0.4378720284559182,0.5766925429135127,39,4,0.41638150910909466,0.33358880777095606,0.5512128756362761,0.38921656703145346,0.14299607513735588,0.08033040774319576,0.5202978533158986,8,FOUNDATION
0.33898695541287577,0.5728644435630597,0.322324558612146,0.10779944099895228,17.321226607222574,19.313232068800207,1.8914521556802981,0.26218808789035564,0.39212892747525485,41,9,0.29963302347848175,0.2164529714166783,0.5872146207112852,0.2741687852261605,0.009135831485277407,0.07639544966267846,0.24999898170051624,8,FOUNDATION
0.7457542923610275,0.9881580953059103,0.8463939816283995,0.645757416516875,21.324452651403014,18.53837873793844,1.5681166356452623,0.11345545966833953,0.6148603316895397,23,7,0.6345337614674892,0.5237898490990337,0.7922365987945809,0.8538479660510485,0.007674825966821386,0.017631464872778203,0.6649872271224045,8,INTERMEDIATE
0.42473972259222487,0.5903227165629062,0.4158808032716027,0.18832567056790972,21.025031205221463,20.522367262194447,1.9947257744123497,0.26201244474762786,0.4321891558794763,35,6,0.5110138851168053,0.2749583058762622,0.6028602032425383,0.3839912929748978,0.06525218915103351,0.031163541796013043,0.43622503135909263,8,FOUNDATION
0.21707519897112482,0.46143190698531217,0.36018906616231816,0.059017845299695976,23.105677690428877,24.15586211187428,2.327150939949858,0.47343625634908093,0.41829730643031887,13,3,0.23869018494221766,0.07816076352958053,0.4377975292323109,0.24405915878458515,0.09155640896725381,0.04574417980381862,0.3730870408028142,8,BEGINNER
0.2757425527865607,0.4225661183410224,0.3747789248691502,0.16791554761918845,33.75676741398412,33.85408680510593,3.9074162482881194,0.5879107428145433,0.3082586790738683,11,5,0.1973638815060706,0.0320652022398744,0.3488282346713865,0.08818525682714473,0.0640342091734954,0.016946216432381193,0.3829078041837165,8,BEGINNER
0.675106515015683,0.718359525535429,0.6611582552237005,0.5341550821694473,13.191444118004908,9.66926269658128,1.4441017556226898,0.255070571191155,0.6404600032249339,36,3,0.7313978889272235,0.5445587929141359,0.8250229780964882,0.7780606894165019,0.06889555323196106,0.03133421242472986,0.6329886094572122,8,INTERMEDIATE
0.5933169851661995,0.8223214163885632,0.688758062242286,0.4951752740720597,14.514887962647773,17.627038097843762,1.1823996609026117,0.27427446463603267,0.7092382216279767,17,4,0.7301607407806403,0.5628088213522785,0.8201540673348564,0.7820903715271386,0.04901083358529504,0.03443640015049182,0.7487374945616003,8,INTERMEDIATE
0.27254979746617397,0.45511261693611027,0.38948155184068195,0.11451989206250937,23.698818361808488,24.767830851166615,2.1612081943299493,0.3749823842863744,0.40455984167238757,14,8,0.6139297656460946,0.432730271954452,0.7059278646829836,0.6184870989894522,0.1251687379284145,-0.0030584866017309455,0.4185076838163564,8,FOUNDATION
0.6362828180379351,0.8562099651129644,0.6768442546628476,0.39880271805107637,11.175634986391996,9.756314947522327,1.3046671550159974,0.19501449539495913,0.7180826144980469,19,4,0.741614318869853,0.6823278906327412,1.0,0.7089755914463258,0.0671957484573285,0.07384240723288402,0.696872262719172,8,INTERMEDIATE
0.4362078922662309,0.613302912921702,0.42372992101102,0.2531089197670458,21.983361530297405,23.419706303181453,2.4641983281943483,0.30847269126927157,0.4764758557441845,22,4,0.3776974706877849,0.2425399748692445,0.6242936061294736,0.37094658709501205,0.021207533132451026,0.03741708696230635,0.3666187661899797,8,FOUNDATION
0.15410301731939455,0.3830362634001246,0.18828942011977387,0.0,35.698890816623916,39.23848826916895,2.7028184445404975,0.783186536211183,0.14608454548595035,43,9,0.1806302923716897,0.008411295191326107,0.2394460255740125,0.20761560700037757,0.016054370131655716,-0.0118793771037982,0.1394504313401213,8,BEGINNER
0.543539099373692,0.6957999119706685,0.5334547322886952,0.29487183146292517,23.269430299933326,21.439012856604545,2.2383561127464864,0.33579192103026057,0.6112677969787459,38,4,0.5015354956177154,0.20773670119098905,0.5929577685854395,0.39855059839331514,0.035254694821787794,-0.033509578144716584,0.6767138375222699,8,FOUNDATION
0.6694860703288745,0.7154034582672062,0.699468523116355,0.4275701014055149,17.90282145786525,18.796462501375576,1.7546658288855932,0.08818473759927378,0.5519268692149493,23,9,0.543151370101215,0.3453800943419034,0.7952553953774927,0.4975887408589295,0.010510304358178417,0.06158083930902018,0.6849049080002658,8,INTERMEDIATE
0.6097172382950033,0.8210877416101101,0.5339434795075979,0.39303411232614344,24.40718929634564,25.771604199509458,1.6749654982532791,0.5600181572959864,0.5920431654493808,27,8,0.48009007971320317,0.2951991373647783,0.6702602558921146,0.2860644996764995,0.0945028020928241,-0.034607079671436655,0.5825895585334687,8,FOUNDATION
0.10839339087573682,0.1540050985720831,0.17709871546998443,0.0,24.84122612446289,24.41984853078583,3.586673558353472,0.363878052571015,0.10334043094729904,38,6,0.26941591497415807,0.0803403799062544,0.46329666171082606,0.3103321317196513,0.03161446491448593,0.0830759626267758,0.15619373725857255,8,BEGINNER
0.6381126583909769,0.781560342017146,0.7009470167868587,0.43067210182259164,21.299745358794567,18.66299245689767,1.4314772495750971,0.3557616884190892,0.6445596779336495,46,8,0.7020039029848248,0.44503851156148866,0.7528994844026532,0.8783926329439581,0.02884736591765258,-0.06083566874740072,0.6855563589588515,8,INTERMEDIATE
0.8446083936650363,0.9633220913960234,0.8726774071951628,0.6202592250723653,13.294474437820183,10.047334862001879,1.0520304521104666,0.03958865181006013,0.9322149687765066,38,5,0.9611333741811013,0.776212231309588,1.0,1.0,0.016422354910349095,-0.06156675552085367,0.7597312508110396,8,ADVANCED
0.8307853969179924,0.8855016352296216,0.7547717452525021,0.6390825203252601,18.405434146226888,15.47065164898,1.080650091160272,0.24050659899147764,0.6336958454056757,19,3,0.6547843731191544,0.5059902999763505,0.8536500085375766,0.7454385838112536,0.02394995240507261,0.04550787344575917,0.8960109548443559,8,INTERMEDIATE
0.3156322733940176,0.43033112482108177,0.3571108344332721,0.06255817240944367,29.285041583831333,27.335760214427378,3.5610353088772873,0.8144922245143282,0.3277277090070839,21,9,0.1796321825320995,0.13120214421227516,0.3709963768285619,0.23406623406730442,0.09989207491206963,0.025589957910169416,0.12412403828508076,8,BEGINNER
0.47728144107484405,0.5420003290736121,0.3235697124902589,0.17839932900569658,22.311288779449693,21.46423573797529,2.0210629110089395,0.5071646774369983,0.4273061261464104,12,7,0.543747307935308,0.3241106943081133,0.5003470821816287,0.5181959031162139,0.11302134081697209,0.026932259185504227,0.2847738516660436,8,FOUNDATION
0.36504611037751,0.5064976746178975,0.3501041033009,0.19159050962855725,24.804756688150743,29.08021155517476,1.532695435106735,0.5785566230697712,0.24984207710372858,38,9,0.45883723217938494,0.22567379956208447,0.5878726351319778,0.30708960717863515,0.10505218332998542,0.007361837245190732,0.34450228890733786,8,FOUNDATION
0.6076606497825615,0.7983141941109225,0.5780006592943752,0.23063698511210234,21.06691381395562,23.911450011961854,2.0323124923162643,0.5631551758981679,0.711066016128096,23,6,0.5055838094148817,0.45178131350614414,0.7275043653855626,0.7263145603482211,0.050106832262993936,0.0067197719856947405,0.5623972577143054,8,FOUNDATION
0.8792271832056118,0.9074493558613936,0.7524000707633048,0.6918769683625932,10.620768460820646,9.549332551475896,1.0,0.0,0.8286432688588644,40,4,0.7090429381257124,0.7102029047688789,0.9178658989214905,0.8644864719860279,0.03074688492388662,-0.07570300352937337,0.8265082111882749,8,ADVANCED
0.8841964875358869,1.0,0.797030136983337,0.6974660362292343,7.794553490826582,6.48441505172234,1.0585742334795618,0.14092095288734977,0.9916688374701063,49,4,0.8972996279991436,0.7734831248954188,1.0,1.0,0.04501006243581599,-0.003424805668015788,0.8027540427992632,8,ADVANCED
0.611172516409009,0.7198105997935819,0.6352115563775509,0.40344181219229275,11.805831758869381,15.632787434825232,1.5461479695988933,0.23117965125503603,0.31441132345667705,35,9,0.5893490221068318,0.370976922491903,0.729081239311577,0.5489732011297861,0.02040843516474644,0.06744065482358101,0.5548112172096427,8,FOUNDATION
0.4381289961136429,0.5479810561502632,0.43223861792966295,0.22692345597012395,21.334116025311566,21.41426667312354,2.0211617826697488,0.3729249911066264,0.3753539947774205,22,7,0.39593198326374035,0.24978448281972143,0.5908987038128548,0.4730787641859924,0.0445821170767644,0.06968911072652195,0.5346062205653255,8,FOUNDATION
0.7957816952301324,1.0,0.8457450868863788,0.666168680635363,9.91436334185858,10.339230898992241,1.6325906341619691,0.10465958482185282,0.7279482924180413,26,5,0.7224896003841289,0.6065274032304918,0.9031713668305428,0.6837941642779615,0.05600297415477475,-0.030888215453847654,0.8648465199552492,8,INTERMEDIATE
0.6253480650511501,0.8641992562100973,0.5545434501076528,0.4532283310117909,12.771227132337842,10.63657250125937,1.0718561097544452,0.22809982562963116,0.7477607969119686,36,9,0.6465761640288819,0.4467298493792347,0.8349427246656469,0.7226761584837005,0.09100743029550058,0.04236969685344878,0.6074967179510415,8,INTERMEDIATE
0.6763612987987717,0.661971250328995,0.6982580479769848,0.477652653822417,10.820244763557083,12.283164823089844,1.1129715372346127,0.19586877985017712,0.7198022571642532,24,9,0.5959489200094437,0.5200940846944991,0.7795438611201033,0.8407661630806776,0.038349933499772164,0.0720030909951288,0.7034360470169243,8,INTERMEDIATE
0.3278884692209407,0.550999387826521,0.3579669367088024,0.17203243873917204,35.10424336542405,34.10946977073541,2.3998496149277075,0.7829556647799136,0.33525766735368484,22,9,0.19620154320800712,0.1040870844802437,0.37362371042070075,0.1713589264649893,0.0467268448520979,0.0052772121205983,0.4642807977621033,8,BEGINNER
0.6522963033976363,0.7391640513859085,0.6028530482291605,0.27235177157780477,19.250977321409195,22.533989956290007,1.8960179265155386,0.343115923573569,0.6398570578845734,35,3,0.4964988896252791,0.2743388452550536,0.6843144810821881,0.2047733728765858,0.012221084656941283,0.0541611507394404,0.5131764428243131,8,FOUNDATION
0.0,0.2259246299063143,0.1373449951416868,0.0,28.041783973587023,29.78078956847249,2.403219007646917,0.7215689025074937,0.24059579655620927,42,5,0.2347770974395428,0.07710315148684217,0.39629218143691025,0.2719188172717152,0.10646056272015304,0.020439182744907393,0.09225520350631543,8,BEGINNER
0.27853531358740446,0.44067642688356123,0.267873676133589,0.034013223591205004,38.99653364811061,37.76898784781385,3.144118260309762,0.6085507377733422,0.16757243524271648,30,8,0.26214120970789506,0.07234738012569197,0.4968710879650821,0.3572542326057632,0.14517968489270328,0.04692174786082262,0.28936799310098377,8,BEGINNER
0.4034271420359125,0.4646625843167164,0.40648632712309085,0.11625262639069583,22.159796906148024,23.402233549783674,2.0052079347791993,0.45066723931383346,0.1782020157279682,23,6,0.39545584004718326,0.2655788120010122,0.512915189724893,0.4025856307791126,0.1310041676762157,-0.040829040206785475,0.2686299035847737,8,FOUNDATION
0.6154448522235682,0.715153820651891,0.6693896450939781,0.42196322312373363,20.34625635712673,21.89104293246069,1.893998421700416,0.5570879791292704,0.514314707187137,47,8,0.3033509367868736,0.19481071166485164,0.3865657227123595,0.33441891871599255,0.1322453023763116,0.025039553632240315,0.7557028771963626,8,FOUNDATION
0.7424454030181329,0.8924974819657622,0.7169707817321801,0.5627717494189544,11.343626717445275,10.525927659769478,1.2855425709816066,0.24261313272403384,0.7564297821996526,49,6,0.6100332269973546,0.41483283457059345,0.7512886900921287,0.45776403653623005,0.060857163627142156,0.014244515303838043,0.7105024261876114,8,INTERMEDIATE
0.5174841442828184,0.7092309596454771,0.6072657957542201,0.3809115984414855,19.517358095711334,19.098825545915584,1.5953834024910871,0.5346690209171354,0.4528301187053525,31,3,0.586941110389233,0.4106047522331634,0.8616062304467186,0.5806477109324043,0.14257553423837022,-0.05021197831307944,0.4571382722601736,8,FOUNDATION
0.6560220378183009,0.8846900527004483,0.7040923370595928,0.5184324053284249,15.328911355124848,14.05770090827144,1.6932642655029444,0.13384998902736786,0.8176354238291086,46,8,0.6078786632223521,0.4816273635704863,0.800756631678432,0.6673418506229231,0.11986232186579317,-0.05911115833732389,0.754966405254784,8,INTERMEDIATE
0.7530856686708547,0.9586113974296018,0.833484755181245,0.5614176970704545,13.372850604813427,11.680405786723924,1.2358301272008083,0.09584693427211533,0.8564518388952502,28,7,0.8114691844365665,0.6710953786987117,0.9187302431066373,0.7082615948983486,0.08387049846944526,0.019456643148251393,0.6883785598657205,8,INTERMEDIATE
0.45068842941710063,0.5561601503176012,0.5204396926309888,0.20062921758711227,22.677424725161046,22.6359636215027,2.2866139708161577,0.27182971254774024,0.35033077236998333,32,5,0.5342392876459409,0.20679523927082014,0.6295519796638791,0.4791997978030857,0.040602540645259665,0.07202154463224195,0.29382749400050634,8,FOUNDATION
0.9377725116954388,1.0,0.9973441105489902,0.739978766266781,2.1730515129381063,5.437543081630407,1.1850047999672366,0.05007065921422815,0.8848995755609779,14,4,0.9663831575407277,0.777572351548757,1.0,1.0,0.05490423986197729,0.06136180538287116,0.9779637817887424,8,ADVANCED
0.20812958439142698,0.2500044663434762,0.17926269322863636,0.0,40.016149544699914,38.762151944504275,3.506138172606179,0.5254569383149524,0.17220335695118108,26,6,0.2734093356918317,0.06584058186410424,0.379558793864014,0.16004421408269928,0.10393176415449783,0.11038042538846317,0.17921214988557588,8,BEGINNER
0.40051499426775816,0.5834108025519114,0.3864195399586407,0.149397644284121,24.371830159086997,23.524515627389952,1.9352044776024624,0.45508468844817845,0.3315370734584524,45,9,0.4217902223284181,0.3906982354865805,0.6709240462018096,0.40315130879321426,0.03590547545130695,-0.006928683664831212,0.2693559909248008,8,FOUNDATION
0.36532042862643965,0.5635550705008254,0.40493679317247694,0.1522404291759463,25.923073682442944,22.925847283011677,1.892964159848624,0.3586021668597169,0.303615910722127,42,4,0.40690428692483727,0.28725816285652667,0.5569023337945537,0.2277360833502776,0.07913694336380256,-0.03998626325451067,0.4464071206279557,8,FOUNDATION
0.8168926000160781,1.0,0.8236322778474846,0.6886390583700732,7.215035700237978,5.760824004967505,1.2322207275578485,0.05805704446218188,0.7339966701403856,42,5,0.9778191060914514,0.8383369912422898,1.0,0.7600343990980695,0.0689019015259234,-0.025910608325489578,1.0,8,ADVANCED
0.8458509474128157,0.926664190423146,0.8092474489781718,0.5427150476151787,11.39558099676382,13.062846319775643,1.096720979766907,0.17773933801255765,0.674129282000824,13,5,0.7943690313405745,0.721951812016264,0.9041552980860131,0.7582510198162649,0.08447465826809324,0.07420991220217714,0.8345626764720894,8,ADVANCED
0.6721486988017866,0.7110244924380797,0.6214312351380528,0.43562192848517806,16.623464819545273,17.304434614083842,1.8307201553205121,0.572234760331898,0.5971158659407025,41,9,0.46367513035617075,0.33639218510578467,0.6922916208607964,0.39836796032496324,0.06447468862695038,0.04139071975764516,0.7283464612665927,8,FOUNDATION
0.6018755143743099,0.8536075089502675,0.6011585948122138,0.46718182901944794,21.035280227913557,21.600206374064516,2.0229084683021266,0.35130460781228867,0.48630848474081867,22,6,0.28499920936234074,0.15179196366136824,0.43192769577643225,0.3206008604143697,0.01658147494628708,0.010487957779339216,0.5269882500434557,8,FOUNDATION
0.5350965423574091,0.7365139895158632,0.6114891400827172,0.426891332006729,26.538765044850457,19.145341955659756,1.8773423429739402,0.3056251544016404,0.53126604371196,37,5,0.4908537897525401,0.4139572625159291,0.6730021950931028,0.656943971413934,0.023909232715710327,-0.055626448264943784,0.5614982333653886,8,FOUNDATION
0.4647214297709495,0.734308461315037,0.4558801311829802,0.35252843002246004,17.900258523770358,17.772322529649337,2.42808433964514,0.575709147584037,0.44845679489586576,22,5,0.33679882234208003,0.10883036176922706,0.4717193509500866,0.3807684015362991,0.012437187209172173,-0.05657676576218215,0.621724704935934,8,FOUNDATION
0.8427705088305409,1.0,0.8591194468135002,0.5794439017023836,5.770428091338518,5.731948012548601,1.0565077920297057,0.017356031288391527,0.9708395767684264,47,5,0.7897993170390651,0.6925484567605096,0.9433481724682339,0.7172330801017874,0.03445744255248476,-0.06869848080560648,0.7731084059685778,8,ADVANCED
0.20896125934272203,0.2844129706279663,0.12159107045318973,0.0,34.77730721875881,37.245004365881144,2.90879647625115,0.675552309517835,0.15550266798727105,11,4,0.3603447753839004,0.1673815462922508,0.4053048803835977,0.21215556954707365,0.0973730947246309,0.06880203596779734,0.28125270731620655,8,BEGINNER
0.4325652106303952,0.4906512338482905,0.27968978386807314,0.17699379811556074,17.518391620458114,17.180734248205876,1.9425035412717238,0.5852870683914635,0.5296005179145976,15,4,0.4472204423739257,0.26964111604191365,0.6599707320173323,0.4098036629731805,0.12290973464497391,0.0190102827739646,0.42763115080834185,8,FOUNDATION
0.669115494241685,0.8569629382300504,0.8240210428625632,0.6460188946786607,12.896218483881407,13.902144527196391,1.7539128480684614,0.11861865796178439,0.7901523181300247,26,6,0.8680586122874758,0.6186615926126721,0.9645839636390429,0.8508675985169647,0.005821942171770317,0.028270183014985212,0.6650959886140838,8,INTERMEDIATE
0.9389369191203347,1.0,0.9570703903301165,0.7867181516851078,9.307293562059165,8.29085174284067,1.2136943282718584,0.0,1.0,24,5,0.9751098550877614,0.7564858305971343,1.0,1.0,0.041951078481966476,-0.010726939184554748,0.9518286969496763,8,ADVANCED
0.7739614631479728,1.0,0.908490022342335,0.6145622357975049,8.547323136248526,8.535495373960966,1.122006017345728,0.09679116277554359,0.7515460345852722,21,7,0.7012755027170096,0.7248446409010052,0.8925572988683999,0.8410152709409638,0.06729488874266012,0.12179367675908964,0.8809611929426274,8,ADVANCED
0.6955231437602579,0.7761554261640028,0.7024806393530659,0.5511450278133321,11.44767671897722,12.281224652274277,1.2635882159272973,0.28184898547212706,0.6362507752107063,45,9,0.7488607780293846,0.5630863141372489,0.8960154198409798,0.8202827786399357,0.01965219279756984,0.054580928756069416,0.6644078369690596,8,INTERMEDIATE
0.4010993161917676,0.5468010156581651,0.35631240273863035,0.21130477803006198,17.92694323145119,21.316070324324574,2.3267880431680714,0.33099790483156766,0.5181496907542003,40,6,0.464301827093425,0.1931916272032025,0.42886357374389283,0.4496853165322344,0.012869142734923423,-0.017693105684548075,0.42706508860426756,8,FOUNDATION
0.5334146177688134,0.7006945982541934,0.5183347762318378,0.32256555550018984,15.22716359558585,16.62523013248341,2.4316249863081296,0.3056824294748716,0.4006497260612506,30,9,0.5317425243665368,0.4336480850066514,0.7889971015435762,0.6545321184480761,0.061503568011261445,0.024657916884987117,0.4656219906071692,8,FOUNDATION
0.4457244835962985,0.5948435313689902,0.384848318852138,0.2779639954960299,20.036199966823947,20.728405085808813,2.2824666387151504,0.40191782754997496,0.4003448447918142,20,9,0.6312066112853651,0.4748483091215895,0.7187159624407283,0.43733735664077833,0.09267197918839296,0.003012049617623809,0.46588059268413157,8,FOUNDATION
0.9982650266790273,1.0,0.9298612811108423,0.8386488421761864,16.12319526723905,14.166242453002264,1.0747500529164173,0.055981763244607845,0.9471471401872075,20,4,0.8685921649774263,0.7126939051557851,0.9599621030384063,0.9500269113593652,0.01452280964808279,-0.013575610349027285,0.9801893433180323,8,ADVANCED
0.6520249515532149,0.7662660610350394,0.6889079290489221,0.46080371013950977,13.827142200599532,12.37474612218094,1.4072295715393575,0.2113859023369123,0.8596347603579808,29,6,0.6979147790497561,0.5020230778957254,0.7711481807438924,0.687633584588305,0.11492356523741669,-0.02755921851939781,0.6252863764904624,8,INTERMEDIATE
0.4465400582235114,0.5088991426333141,0.32037592855600056,0.1753698120803891,17.890437542262507,16.007227684748155,1.9398012935975468,0.24874846554595242,0.554885649723845,47,9,0.6063942511576219,0.41020122604831927,0.6929378370379177,0.5696994547974228,0.0013965436143530518,0.05063953707916449,0.33651651993216813,8,FOUNDATION
0.4478172452772378,0.6655769718669885,0.4383501337941064,0.1614003455466794,24.73201931284428,24.326184101801182,2.1273349390043284,0.5408448321829111,0.4659342527328885,42,8,0.43114619710315816,0.3112444218275122,0.5777789376644715,0.5062330302317466,0.08285070201832542,-0.0016936731489594556,0.589338616055771,8,FOUNDATION
0.3847259818849743,0.49638374201304086,0.29671000999606045,0.1955947288812924,15.277742008543411,14.953518091841445,1.56476174993514,0.5245085112212611,0.5094081959625495,22,3,0.49146373796130455,0.3799533852456042,0.7215873911849279,0.43817167334084756,0.0210748514693276,0.024946689351444187,0.30746465278877944,8,FOUNDATION
0.5395900093193436,0.601226162100359,0.5121403243943766,0.1999896125839476,28.807744099879393,28.32368873930032,2.256291265546347,0.4541666163771788,0.4622327747629086,45,3,0.43337936960731244,0.20123549950906933,0.4398053682103875,0.41080547239418025,0.05438748188920156,0.025360398102006684,0.4879567973692396,8,FOUNDATION
0.6695542139735745,0.7428702819456332,0.6500753605674816,0.3695326272803773,23.885438035589512,22.62532827468434,2.205785494443658,0.42784118493960605,0.5114208343345865,11,4,0.3395753355613987,0.24666613614637684,0.6287109958193758,0.35999168862589037,0.10407950134925918,0.049556805896196626,0.859953737754433,8,FOUNDATION
0.3669461253363381,0.6362449737362356,0.4567971552325332,0.22365287052114752,25.936664630900868,25.978471458923487,1.8988590011226771,0.6718923421897717,0.26910834261120076,43,6,0.43500937788186894,0.17432687641914868,0.526683520361316,0.4740924840715441,0.1351361595400486,0.0751608786026829,0.601840625208808,8,FOUNDATION
0.24051438131060016,0.4400597040461622,0.21876116447230934,0.06799030442826742,21.641391613710088,21.842547084952276,2.6940888493577484,0.7235009952592643,0.2215627029785804,35,3,0.040468659425036205,0.0,0.3422987526319524,0.10054724877411253,0.024374762321166216,0.014019018781561433,0.30634341084440314,8,BEGINNER
0.15298195815300186,0.30279039618081827,0.06439895439778685,0.0,35.17984362392584,29.828212387691014,2.6920956946690633,0.5992913896675472,0.25059389367983664,31,5,0.19360420956432337,0.11950362310694979,0.3427826761759843,0.395353688095905,0.06236622014844772,-0.09117870839685983,0.07823470792550433,8,BEGINNER
0.16455428759810112,0.31289847330500065,0.16003279488695085,0.0,32.008762237927805,32.92914641347966,2.85665114323382,0.5535282790512768,0.22892641459133986,23,7,0.18721461777966317,0.0018568414480208129,0.40178577570704027,0.15100605869735367,0.08046155746200456,0.036064573537869404,0.06076077526339105,8,BEGINNER
0.7954734284315714,0.9606900688179716,0.7333777753865284,0.6534920163475011,15.62015763491674,14.687032826502186,1.1129276107772346,0.2062096658283731,0.7797520948704987,36,7,0.8508485885835655,0.6230545876098947,0.8248338189624053,0.8310258053942521,0.07457509210765285,0.012401630884198055,0.9026449035787723,8,INTERMEDIATE
0.4167604413138571,0.5371386128828067,0.45435462250818515,0.21177647581162118,21.974993026223736,21.551326476746404,2.258445163965111,0.26778661259966025,0.4560627117178064,31,8,0.376887374729789,0.31404580070003807,0.5859390529987687,0.256601902793433,0.09100339847968288,-0.023036458169766922,0.4117702072495622,8,FOUNDATION
0.6264483392017858,0.96589623507453,0.6852289938989597,0.42933700601305214,20.51409228625426,19.227219359495308,1.537734924360163,0.16849514758881262,0.7420825738633045,20,3,0.5951990069282276,0.4396150036496034,0.8217996123729843,0.6098748627021523,0.10519400131325761,-0.010056327633442344,0.7645844071971094,8,INTERMEDIATE
0.4322758913759786,0.6585842875957781,0.4946492815079813,0.31101151934388466,15.671977001449045,16.52083014013192,2.4446516531175866,0.5390573716352205,0.3868499887849853,17,6,0.46282682679426607,0.2759659228457805,0.5138570247410984,0.44267436515937425,0.01700806433288588,0.08119279592712966,0.46830474982255366,8,FOUNDATION
1.0,1.0,0.9725774924872784,0.7802243598194395,10.803239227263752,13.659579207605363,1.0967518775184903,0.054442027036455266,1.0,25,3,0.7673999805191246,0.5608677716318059,0.8711549368111784,0.9388987821463197,0.10960185172925853,-0.01985567831124904,0.9688507480418115,8,ADVANCED
0.30208412820863023,0.5279391178457691,0.395175879099259,0.1605729328527025,40.200535946773286,36.67783594675295,4.027240111443333,0.4002645892406296,0.2405913311498742,22,4,0.2134360076379984,0.08427503378932846,0.43684027364145706,0.21286664545431763,0.04808042502097433,-0.059281285338479636,0.43995842899982945,8,BEGINNER
0.6298733362865666,0.8345622436915358,0.6325898628645552,0.43553825722824835,18.452225578121332,13.498765944441953,1.8195757401142596,0.20711205702863705,0.6101599741482231,34,3,0.7204792121951021,0.551920566183987,0.8375227982645029,0.5321226402752419,0.039403996482000776,0.04512498480646451,0.5680490071893772,8,INTERMEDIATE
0.45105788329010926,0.6009115735617263,0.4577505184826414,0.27097027411839436,28.28114646426912,23.521026566330836,1.6584101672739653,0.20806981764658988,0.4102439478503911,24,4,0.4725204956598151,0.31473587470322756,0.596878653223104,0.3595636631962917,0.11546584610783783,0.062720100056036,0.4897177366219496,8,FOUNDATION
0.5132693608894316,0.7713391483224804,0.5354628506027893,0.25989166284325926,26.161183713233367,27.00140251343152,1.656158769777772,0.5296129470410014,0.39593571987342285,43,3,0.45629763212178026,0.3500903051050822,0.6564912519262687,0.4874936368427537,0.10171837523049697,0.10536649047796115,0.44362344430109496,8,FOUNDATION
0.5106094896559576,0.5991883538021973,0.49424227218901323,0.23987544393376756,26.071630172295286,25.928815848643055,1.8242505440815622,0.38049791313727543,0.4596030012654897,32,9,0.5969882878697017,0.4408697983019493,0.7054453318800223,0.60622030706258,0.07911846955825982,0.0569118615408081,0.4896760028861214,8,FOUNDATION
0.3109814090565263,0.4323429786031285,0.20598330559492062,0.04091956637368984,32.78485048262436,31.20625679843383,3.578284519408914,0.4342714060559358,0.34490730099965033,37,3,0.03900034888674492,0.0,0.2234290510771151,0.2040629728723999,0.13225759595930944,0.014276381410056854,0.31140232346308355,8,BEGINNER
0.5811216609785889,0.6991766801754635,0.6370274554385793,0.3945590342916474,20.87042373333873,17.168024835512554,1.4570705277811076,0.1574978361618935,0.7309199063390741,45,6,0.619325076196198,0.4736713573038658,0.7955878334633993,0.6462274339181553,0.05129017403620899,0.0541662255758046,0.7281386465584155,8,INTERMEDIATE
0.33912542773949717,0.3542166149261395,0.1978793564946029,0.0,33.85345086616928,34.858692080040186,3.8171054019083535,0.3783794155751779,0.29279413134612076,10,4,0.1563320941358104,0.061656015193075064,0.2966557502337989,0.24129404852404415,0.14108059516544214,0.02717132834287466,0.2983881802920979,8,BEGINNER
0.4562463237633543,0.636264699585253,0.4201441217730986,0.27096892178520293,25.150711002375974,24.59319638861913,2.3904781539785374,0.36749020786363934,0.44864158176594987,34,7,0.36304763777264115,0.321763479151948,0.558283449821265,0.25063739599300705,0.010086095107805492,0.11764586912447554,0.5695946135854802,8,FOUNDATION
0.8007985695954896,1.0,0.8415114229916237,0.6060279685112382,7.40118827300182,9.388625569535103,1.1539231237403023,0.027887851120642723,0.7703288260629347,17,3,0.5997323475951253,0.5746285573346271,0.7603144637887993,0.5364470134431254,0.001267724409369081,0.1345955633409343,0.9574375737651876,8,INTERMEDIATE
0.745955120164029,0.8530568295125546,0.6729349318227595,0.43153303079369804,8.660493859446628,8.806303771282773,1.421283648575198,0.0036786272232118486,0.6702064517318675,29,8,0.7803106635299825,0.5574513345423064,0.9557992983205144,0.763881182885335,0.08655306025358375,0.003609677006173855,0.6387810263240837,8,INTERMEDIATE
0.567268372467624,0.8132286626304974,0.6099691254132432,0.4620252168812783,6.5661343834436,12.095171003241443,1.2644661054587933,0.3373683560690275,0.5046119193285414,38,4,0.8309707534962568,0.6257064428188458,0.9665932484783566,0.8475610282900538,0.02532504099788551,0.04687060014101904,0.662420489322758,8,INTERMEDIATE
0.6649843850198793,0.7240357901544429,0.753788715489556,0.417040025251808,9.212014313804582,10.887539821715741,1.6513237920269217,0.21610126605850583,0.6685167578082122,48,3,0.6310417542485771,0.4356078664230807,0.7726098355449036,0.6229608255444496,0.10040225261441942,0.06843849478406767,0.6620037948546663,8,INTERMEDIATE
0.3768778724269459,0.5097757087606349,0.3408591012863674,0.1116826466326167,23.42174813898292,22.616050335197514,3.2877148822920303,0.6747595145600436,0.4537351156780553,38,4,0.1962502208062912,0.0,0.29705583338042446,0.017375435843889647,0.1173002738390912,0.007928471763750344,0.4810069483257738,8,BEGINNER
0.7923168702111786,0.9303658128770796,0.7985754643302622,0.5376063673232682,14.201891136019546,13.41194481760063,1.1256545613720335,0.1674258353797144,0.7286025860673515,37,3,0.7565427146702045,0.5544390553500042,0.9243003980327394,0.5897351365685624,0.1015610568987672,0.050392016936750425,0.7974881781577703,8,INTERMEDIATE
0.7913681380632754,0.7927757950984444,0.6904388413066973,0.5738803040797847,14.290049401603198,15.117523887861006,1.506204227952259,0.2335733302071675,0.8263854107187462,35,4,0.7824117492437107,0.6117250680133025,0.9095266151983611,0.7244198725066627,0.12826641329961602,0.026951434347656282,0.7104716497296755,8,INTERMEDIATE
0.8411067071867844,0.990035655431488,0.8498776565107128,0.6520733607123096,11.18604248383913,13.323347576025055,1.0,0.009050144841339557,1.0,35,4,0.7075254233680134,0.5055689984287811,0.8976612956188529,0.9740074836251237,0.06533837370190636,-0.05724679610767003,0.9741776548202471,8,ADVANCED
0.7795289327627599,0.8593529053571205,0.8009081434398362,0.5899327041980725,15.174983174187819,16.40973591983129,1.2910572246330372,0.21608546947146584,0.8224333619780815,39,3,0.7174263630123952,0.39321927571896736,0.7639531945051152,0.6556242552976502,0.13579827425641347,0.12289055885488813,0.6932449271653972,8,INTERMEDIATE
0.8458456004239888,0.9259540463104863,0.8891912236085469,0.6848134670928949,6.590439042642037,10.47035222773005,1.364052320289936,0.21706032094872807,0.7567846360895167,16,6,0.6876761090306284,0.5412161722663962,0.7255225829221085,0.6802242531656235,0.04249447919965533,-0.02070053346457779,0.9060756031962368,8,INTERMEDIATE
0.8074322271594565,0.9949670877174757,0.8693898580016469,0.6101358089587818,16.08639368239329,17.780646923229078,1.5131056089641284,0.09055973236612358,0.8289298679881514,10,5,0.6317465688316573,0.5208077313198792,0.8047897649537584,0.47850383109438444,0.12357026248808067,-0.00752935335003533,0.8835013163604398,8,INTERMEDIATE
0.6648061683078462,0.7153330207247752,0.6221606420818209,0.4292661919115014,18.103281606363435,17.506667219947303,1.0541255622515115,0.27663799987195514,0.7467733954241241,29,5,0.676965637014859,0.4314066306704991,0.8456601043760934,0.7289883111544295,0.006048785958142605,-0.024901361316222923,0.6610636845845246,8,INTERMEDIATE
0.8638576800005892,1.0,0.8313771171818234,0.750671789479472,11.374832461930737,14.350977623827397,1.0,0.07235908211970593,0.8797019694776327,25,7,0.8057024221202274,0.6653865320802851,0.9762831586432915,0.7993100790605581,0.023649154019536194,0.046534156150502395,0.8405539475668322,8,ADVANCED
0.3192021080030829,0.37181870254405436,0.2551416201120737,0.08207900036574546,31.51743520148835,28.103322726500092,2.538131364216719,0.6647861496148076,0.33765705744423535,18,6,0.3008138003047677,0.04600567997875787,0.3919420655957285,0.18669368821664306,0.10541074489343803,-0.025332427257714642,0.310495196777383,8,BEGINNER
0.3741919117755761,0.4078156647221645,0.3460173859526146,0.15296938254450365,20.83968178224364,19.219845681969492,2.844560196317416,0.5850633231031421,0.3734000810072019,49,7,0.26387756938332313,0.050667361136255674,0.45073849052956155,0.07751782750757596,0.10440471104836706,-0.018079393251811,0.2885708636284555,8,BEGINNER
0.2592729369278987,0.42293447896284203,0.2582498384794794,0.11703312759909874,37.083395739529415,35.12707334468131,2.810960461347942,0.65280089476151,0.27864076842652724,48,7,0.16400956875358044,0.08307750317538404,0.37713318693984554,0.35817519472448966,0.004250617557507696,0.08276748901442375,0.3153831134889866,8,BEGINNER
0.5901697267941394,0.6674074077315183,0.47268231992176135,0.1998790689247667,17.995857839278656,14.051059411325152,1.8352797894248905,0.31742509146697406,0.5220341780090267,39,9,0.3093676637805107,0.21370749324601787,0.4654644433004248,0.4298691821446086,0.06618445036375752,0.014593050480429162,0.6515710655273592,8,FOUNDATION
0.7537684310824321,0.9402228371447521,0.8286168866700311,0.5451898870254779,14.754828982947469,15.606914433065423,1.4104194555525973,0.18040750693577945,0.9691619739130293,43,3,0.7272806873675794,0.6087067131313134,0.9585692440569926,0.6899195202113161,0.042289432762734114,-0.03039339566110651,0.7027084656236873,8,INTERMEDIATE
0.34605157479571985,0.4783740425289956,0.4210571527818531,0.1696694155266041,27.20161987029679,22.633676529651616,2.9100168530797488,0.652387709836402,0.4988709723385016,25,4,0.14659400524271196,0.0,0.30260536112841135,0.0,0.02560161529533505,0.06563101612702203,0.3775452676529825,8,BEGINNER
0.45809556425019815,0.6576222407494864,0.5315414381903051,0.34557941203955306,17.54626739263555,22.19527216323987,1.6669436346556576,0.4379328302860513,0.606407926057212,28,4,0.7109285873062692,0.32373661571260404,0.7522907753386717,0.6291976228987846,0.05254085560039914,0.01804189422786203,0.4102354613346879,8,FOUNDATION
0.3255104329457591,0.44139858909507285,0.2952764697091387,0.09731642376844313,34.51102236838069,34.938085059161416,3.1097497050026974,0.44136518792985174,0.346128170958971,44,9,0.19841589584605698,0.0,0.3658557261272925,0.20246023523623807,0.06208890870788833,-0.02267477400306708,0.27906790128706915,8,BEGINNER
0.7169169288136537,0.836830397320456,0.6665834584102299,0.5209425627108087,15.800916354877062,18.707846444443348,1.574141327926337,0.26807590940192066,0.6929223728782985,48,9,0.6098691089585333,0.48657271058894974,0.7134023575072562,0.6813396607273416,0.044239670370579645,-0.11537719276905888,0.6682768325797701,8,INTERMEDIATE
0.2755213481358993,0.5191645391629311,0.35774078536435916,0.16986306738808588,22.322023416741935,21.43571137413518,3.3247672588065513,0.6463647470178758,0.3701111953421783,17,8,0.23620859433196228,0.03540695751121103,0.32846654739830156,0.2620637343421863,0.047415733191134346,-0.06777189486553549,0.306364358361352,8,BEGINNER
0.6297785608936104,0.8149904771355232,0.6677033875860408,0.38769227015660535,27.994037343660217,27.127268720108418,1.983197683680521,0.15897227229361224,0.7607779810795265,28,5,0.3386667721619586,0.18354096696609962,0.4378573157104936,0.30466707116107955,0.06661695077631095,0.021619810684178935,0.696441811208407,8,FOUNDATION
0.8808845288798492,0.9358632421954236,0.807284783353097,0.6236133584809603,17.572341220313678,15.793778201474547,1.5772829574454061,0.2985427116276068,0.8865925396912987,36,5,0.6251270360109427,0.4076850049814244,0.6354194903321299,0.3984581866688719,0.014353517408700172,-0.03224181569515357,0.9701026647254422,8,INTERMEDIATE
0.5944508295524684,0.7204614733571995,0.7006358612912286,0.3024693627212682,20.484380035398488,23.512496543570055,2.171413931330567,0.43418960088864217,0.45373408555200845,44,3,0.2740186745173822,0.1223972146914606,0.4960390673112342,0.26950921368043,0.040496045528319306,0.011024271256375992,0.5868787528263508,8,FOUNDATION
0.2534492321282624,0.43447545810747407,0.2613868117185131,0.03894906240913529,37.44821501752638,37.71162061291655,3.066845109321763,0.8669696142271095,0.48639096005395765,23,6,0.14647758592285526,0.13463965368102962,0.3799974410002286,0.23666945831194086,0.023202727227729175,-0.09087955396793854,0.14561012554966055,8,BEGINNER
0.7225634497914595,0.812906288446086,0.6653600686858202,0.4491872346513618,20.143793372587737,18.353693600701966,1.8353541277052607,0.09792544291260535,0.552575240841663,11,5,0.7444340664943943,0.6045656153618421,0.8296996580337649,0.6900426033080321,0.09097683379848283,0.08996139750355797,0.7559203384308102,8,INTERMEDIATE
0.4512477344390797,0.5955906866913696,0.4084006410004807,0.20163621907147175,21.871640518901607,21.618761777575127,1.8944804527009254,0.28863937868929324,0.5513981178730434,27,6,0.3560539924759598,0.2093099039104243,0.520786250111313,0.47966351787960426,0.06181404144488087,0.0198815541933596,0.3891454522497085,8,FOUNDATION
0.6649331409137564,0.8890952952732638,0.7310679339979611,0.5179219928901356,12.659452086239089,11.02408874290452,1.5523115709033746,0.1185099320751463,0.7783072269955542,23,7,0.6679255451357184,0.5478521193949389,0.8638573655208407,0.6631354210655281,0.06420290286594657,-0.008253023677559625,0.6398485769491624,8,INTERMEDIATE
0.2975072170813762,0.4427190282045824,0.26203463794740484,0.03000064416873006,41.162929258424576,38.469842010310096,2.8551676446593572,0.7794016833336426,0.25874872688649797,30,3,0.2636612255642132,0.10221462056955403,0.41986501102611695,0.09619630759784636,0.063988785158159,0.11666798738571786,0.27622127317237005,8,BEGINNER
0.9096823087307924,1.0,0.8217327799210259,0.6664691165732816,9.842153543933115,11.637861568851976,1.1328079356238383,0.0,0.8591464662108597,25,9,0.7406820839150633,0.6355997078107709,0.9625969554283054,0.8400771583627735,0.08990453276073984,-0.020743407445467207,0.7611700893385261,8,ADVANCED
0.1595615560882997,0.4164988190335004,0.21301553113456978,0.02375971586490395,21.46690331636359,22.57949512991761,2.301289391137955,0.39802439999788447,0.19089545376701855,29,3,0.21474711972169394,0.15306078710160992,0.37955418095648985,0.26054102977998694,0.019077178382533037,-0.038202531620291275,0.2263247183637118,8,BEGINNER
0.39464691479147485,0.6371426552073408,0.4824134685188779,0.1646738671233386,18.994341505061293,23.731666935762668,1.8014627361397195,0.577517195936117,0.45471116309089826,45,3,0.4353285980603724,0.33848855391774885,0.5810118231716082,0.26363554177789333,0.020544995181635377,-0.04607778932555255,0.3425810651802987,8,FOUNDATION
0.5800634277930057,0.7147349803989471,0.6366089421901646,0.3665727814056433,21.576212094871288,23.317507098539203,2.155294012056981,0.6614090693700904,0.4506206301497226,38,7,0.42787215223889474,0.1341156297843853,0.4955641452946048,0.35328415490037074,0.14892059672790214,0.001610773671447241,0.6352872548032056,8,FOUNDATION
0.6869778107949817,0.9225558883074063,0.8155966935315586,0.4871092217698706,14.854492270303009,12.8532243580965,1.4373785998874016,0.11865356889189059,0.7017591249578184,27,3,0.6747375029289393,0.49494206174874344,0.8391837335651441,0.5412603505358498,0.03214077139653893,0.017422889569617423,0.6917163242648917,8,INTERMEDIATE
0.6917585301157518,0.8405403299434006,0.8118959323065092,0.6233872096287602,20.31544896473416,19.263921436142514,1.0854530006513197,0.2234729782130128,0.6429198141026103,10,9,0.6979698344617168,0.5299075374143666,0.9248092319143937,0.616438086018585,0.06643711470629453,0.018878197400971325,0.7217995312478437,8,INTERMEDIATE
0.8108769664875809,0.8960559306334861,0.7721700521141058,0.5923635719367079,18.551539405455987,15.203488278465034,1.2412393104426378,0.11605705245317204,0.8431711548019052,34,7,0.7700642980127117,0.648546296525485,0.9534012293532822,0.7603556118765649,0.1098435851138544,0.021609254351841984,0.8074512850149529,8,INTERMEDIATE
0.14141853849462185,0.3241543953646024,0.2534238264702998,0.0,29.419978707609072,29.94952916571127,2.9193739748507963,0.8956732697725249,0.28855534861706744,16,3,0.19377815372803617,0.05922931165360933,0.31599880835957656,0.14585733255916522,0.10014025703748526,0.10026779811809033,0.22305615526754946,8,BEGINNER
0.4063797988781511,0.4973656279357883,0.39110023723032955,0.09194365913544393,27.86333863777097,25.71227890067881,2.781349099723547,0.626536998554217,0.24090552296030276,35,8,0.12019906277482055,0.08035573143948102,0.34408619113693556,0.1921523428427313,0.0675804808600614,-0.06630053093333833,0.37045991414498525,8,BEGINNER
0.735087132272966,0.8203144384784186,0.7812760429964708,0.541378408462054,14.136957075098136,13.784713849667929,1.2426905717595644,0.11045206638351568,0.8821808762040924,23,8,0.798605250461462,0.6538873498914476,0.8710707784332202,0.7369128010670273,0.10447607752153336,0.047936191847224266,0.7354604110149149,8,INTERMEDIATE
0.7538275378037054,0.8026171821852767,0.749576583029459,0.5901881051895905,11.083421011488994,13.714289802963537,1.287547470564164,0.1946592435009789,0.81443732302352,29,7,0.527243833039283,0.4191712943470358,0.6926911357156167,0.59104369268885,0.015566206295211105,0.013629656380502012,0.646282024481521,8,INTERMEDIATE
0.9312555274259269,0.9438034770781294,0.8414384772173681,0.642105834126333,12.968432087657309,10.005232970143982,1.2375987421314323,0.009799927975229234,0.9190632481250135,43,8,0.797036276924608,0.6513898412061552,0.9553760566821078,0.6550413466157194,0.004503033857600446,0.08710900656224271,0.7325715915871838,8,ADVANCED
0.9226289654398788,1.0,0.873492051175188,0.7188196900685306,9.166219839255715,9.860099273669679,1.0102022528613934,0.07173195935187218,0.5709108524906403,20,6,0.9581746267590153,0.8038810239776683,1.0,0.9973586081566082,0.05549983289399661,-0.11259140315224746,0.9592533205822894,8,ADVANCED
0.8157298541265323,0.8917762750108695,0.8387333718914692,0.5662750257010556,11.318888317949671,12.191164338443688,1.5304370993777385,0.16635704299633985,0.702502484881218,38,6,0.5816420525582212,0.4854766201456088,0.8104491365397152,0.41198369548820823,0.11880046891952939,0.07935388393708777,0.7034697521982375,8,INTERMEDIATE
0.18953967282771567,0.3717310197122644,0.08412298540962107,0.09346968952816176,35.658307398267404,34.19957125435098,3.450616500668099,0.5129967910120503,0.1791986862044023,36,9,0.1785016828736373,0.0014499089246363603,0.2737242047553996,0.3064912121513088,0.10647070699085578,-0.05395980091788832,0.19871069473362757,8,BEGINNER
0.6666583940247968,0.6641032329356839,0.667988797458914,0.4699653145374397,25.08517544721162,23.14436313376965,1.8725764264625444,0.2479720098286815,0.4169709259475411,31,6,0.40962432637387547,0.31522993525727394,0.5514268760555638,0.46414287940214527,0.018920367944364774,0.028032497017655825,0.6359630905116868,8,FOUNDATION
0.6875957971426877,0.8643260432580175,0.6537931137239855,0.4506018362632347,17.75571550870242,15.935698065589268,1.272611419568962,0.21013330027954535,0.7703437247550831,32,3,0.7457933299185355,0.5313777786782011,0.8536889027100403,0.8108730119034724,0.10531457825692365,-0.01685146805763486,0.7778863171252878,8,INTERMEDIATE
0.43296968261500884,0.5580128689322585,0.40623659932816647,0.1984137574882554,37.24586337168068,38.163333330401215,3.8892775599420655,0.4394800778195197,0.39620188985853266,27,7,0.30056553839946765,0.11077956807897996,0.41294906751725974,0.18158417517985181,0.10304286620781575,0.03932931149525962,0.4949200491032012,8,BEGINNER
1.0,1.0,0.9787081829213599,0.7278448932856986,5.588361098686951,9.259847805292845,1.1563795356243085,0.0,1.0,29,3,0.7295976050637469,0.6106637925669597,0.9532918579012853,0.6872971389281257,0.002832131786435199,0.08840471184074492,0.9688411543779977,8,ADVANCED
0.6363123793917859,0.8325603828110913,0.7268276403398067,0.41425273091807047,16.526885231323856,16.83053483874574,1.4382165440121943,0.15970902843217338,0.7540719244272455,22,8,0.6665050389783461,0.5354250335497165,0.8986470482514217,0.6642117793035771,0.01945593869850403,0.04281247442642665,0.4401113085053667,8,INTERMEDIATE
0.7358082011943352,0.8705206696104186,0.7695172142805792,0.46099460626530553,8.211659123188902,11.98671153943729,1.2032718864079641,0.18628159509999553,0.7938546901422625,10,3,0.6622167825068809,0.634446627997104,0.8967968031266511,0.7071334626113197,0.12694770191713106,0.032247854658600195,0.814502984787375,8,INTERMEDIATE
0.7745490770863662,0.8819822858383168,0.7055167101566958,0.4874572089275145,14.192337952118777,16.33093514423511,1.4751011366021214,0.2709074287606069,0.7045137034686558,15,4,0.5681894584487382,0.4810825540337655,0.6906505949705627,0.5235415143798379,0.05247925413337177,-0.02502242306890134,0.8145839163995664,8,INTERMEDIATE
0.6402896969187402,0.7634299924215575,0.56538923405404,0.5221594133197123,12.179540220976142,14.36253260351409,1.7137292784256228,0.18436951491306913,0.7287842219951987,27,8,0.7894650834755997,0.5369612224446713,0.8759799355364315,0.7721397775620902,0.04659014570929944,0.022910636354252823,0.783504910630216,8,INTERMEDIATE
0.5808044620531634,0.7717503999353064,0.6480886777373301,0.4453208979361649,15.190164931688434,16.40612365387395,2.2980624385893176,0.6100465535539719,0.5826966853297418,37,6,0.5137714443351469,0.43885218293106515,0.6475409907450315,0.44039134570858035,0.07577460274399722,0.08943322600512411,0.6144185717135521,8,FOUNDATION
0.739848433146047,0.8861372959503477,0.7067320199109247,0.62862179998547,11.166734502785568,12.617198829832413,1.5240429370970965,0.12151555825781292,0.8505627548968496,46,4,0.7500680763562343,0.7096359038853836,0.8070345358961949,0.8233991095987819,0.05670465933497927,-0.02558086510769513,0.6736083197544732,8,INTERMEDIATE
0.15451853340778632,0.38487853254749016,0.2813918457293797,0.035814130669546265,31.52262840098508,29.9691167749668,2.3372832696168158,0.6085599217962699,0.3843155020615071,14,6,0.16675953351511966,0.0,0.3188568506540669,0.0,0.07761915140764368,0.024558407333321958,0.36913455629606573,8,BEGINNER
0.7622723214555455,0.837689477608828,0.6775120222903672,0.5241800277124696,15.645150094735458,18.793483858796044,1.5853477288506783,0.06884858308455108,0.6094443026002616,10,8,0.8252449026715104,0.6064311327197188,0.8698701115773458,0.7267019008021245,0.14558599989410406,0.01839788146597566,0.6230627593639736,8,INTERMEDIATE
0.5436409216546424,0.6001025624562861,0.41445296552273564,0.30297201663113826,18.871336834170094,18.48447600088636,2.2483758469645467,0.34384807452629035,0.4789015560840922,48,9,0.4892020449991252,0.3825530488604829,0.6108257516549233,0.27149314669400704,0.10348440049700411,0.008725328833268197,0.508203700137765,8,FOUNDATION
0.9298416870450099,1.0,1.0,0.7697863433694018,14.303774197023476,14.61108873970699,1.0,0.0,0.8864700112931243,23,4,0.9752260355462243,0.7993310513974221,1.0,0.6977553894976023,0.14340295657298505,0.011019013929718336,0.9537117567802288,8,ADVANCED
0.6645395664819043,0.8126440725857322,0.7786171935183137,0.5472031321419105,11.341110784760716,12.97782137957476,1.1680742379101412,0.21211220224150323,0.8871638236354924,17,6,0.79417847844539,0.721499341380818,0.8511178011630747,0.6867956565003073,0.09155907999660803,0.02882420918314764,0.7753091845745285,8,INTERMEDIATE
0.289002353222818,0.36803650474620603,0.16394618390964355,0.0,24.410947556020357,22.505912492492858,3.9069361420037594,0.8724241242262315,0.18530565062432747,23,6,0.2243779938800449,0.09136164362869975,0.4126179504845708,0.33915283102116733,0.01735128354721748,0.018003676831331812,0.3494321467272139,8,BEGINNER
0.6925243294472612,0.7871490817209364,0.6033606623301823,0.31357262655719814,18.245494292635566,18.12504761913561,1.5303835568864814,0.1962201781592605,0.7258946829364123,42,5,0.669174429223517,0.4999306543564724,0.8887029265384472,0.5828132072773757,0.11142322523772986,0.03815021424030385,0.4890437644181178,8,INTERMEDIATE
0.1990090285093884,0.2609962591418701,0.08589498028092266,0.0,34.8037492322864,37.56780205615933,2.7396545260575627,0.4203660380843536,0.0,19,5,0.28721845272092084,0.19821910090438088,0.47212003521305373,0.2859359899478686,0.030805227703497792,0.08821631220854334,0.2114032083373762,8,BEGINNER
0.42389679072394687,0.5268139242093162,0.382452534037759,0.15853216904207199,36.98019438965916,39.47940067157436,3.308085896370097,0.7964278366055804,0.5144057756748536,23,7,0.06663035280274882,0.0,0.23884268010976767,0.15261611896694494,0.09972116378703667,-0.0248829692637527,0.320023331972837,8,BEGINNER
0.7629518959269339,0.9337559249464702,0.8785875257446887,0.5493342933951656,5.541863160817764,6.711300234353776,1.0,0.06805806610365303,0.7231072404208201,19,4,0.8254570854201391,0.8367843799299255,1.0,0.9608625587132218,0.08403621956745787,0.04459967434182481,0.7344938437262548,8,ADVANCED
0.1472404825906842,0.32996906880668103,0.26541990191416176,0.0,24.039239341890738,20.61457340218808,3.300344864379679,0.5398328490085468,0.20240808142715128,12,6,0.25394338332328176,0.0,0.40985897263991455,0.37864565581928133,0.0675873739224176,-0.029861414371938805,0.10691029820357671,8,BEGINNER
0.6766688132850831,0.6438812205526279,0.638660574837022,0.3586948350884852,24.3243733534716,21.721875199086163,2.2792602426189226,0.39048319015018634,0.6899900477100933,23,4,0.6222586681854124,0.4399603201864088,0.7381009794099775,0.6651385095863154,0.028206163888317863,-0.08074506162533042,0.5669425261644785,8,FOUNDATION
0.2755127406947427,0.4411349880347625,0.28216585078866774,0.1341009089741747,23.669033486221725,23.66055794124899,2.381229374753381,0.5078906399009592,0.19140810564273308,15,3,0.18966512505226304,0.13240765253969883,0.3849684950052862,0.2806522449766398,0.09069190702578324,0.07158268872875875,0.13150068873006485,8,BEGINNER
0.07704132125391183,0.30962099489185907,0.07180506457064573,0.0,36.832248852845375,33.632697983456644,3.303248266454034,0.48880399871702673,0.14316501606329682,47,4,0.20372019607021621,0.10801079829925576,0.4370391232435778,0.4002925785488434,0.14790418922946444,0.05337740401849979,0.1538474436996391,8,BEGINNER
0.36968653222486353,0.47537404372133,0.46889720152767855,0.2814681676281873,25.180624207852457,26.976432298952098,2.1087420920533764,0.3744711371133831,0.41767464880917843,18,6,0.40918001806605553,0.27703133712098305,0.5815691740695592,0.25336247150224733,0.08597238719718685,0.030500415401129452,0.45190105841268713,8,FOUNDATION
0.7000571337082836,0.7937729549560696,0.6655963212533019,0.4987013975239164,18.043911459020883,18.31708582367533,2.2568143595933448,0.2160938903495253,0.6345105194245205,33,6,0.5417423243488957,0.3151002228417182,0.6205596998319804,0.6668875525866962,0.10177756042266216,0.05566331253982712,0.6268381655106037,8,FOUNDATION
0.6478527851894377,0.9099721635027495,0.6733505211134204,0.5360519681042895,18.304857443664538,17.074565380158667,1.421352126089146,0.27062566847246694,0.68930109967084,24,7,0.7950691695899168,0.5370233834328576,0.8878068696740546,0.7060169685873441,0.07220740676226413,0.02569853340638862,0.6554492411565863,8,INTERMEDIATE
0.32945810353305893,0.5304912217069429,0.4036980365731347,0.104797247219909,21.156796128934012,22.144104155130638,2.2264194672180193,0.582905042202709,0.380426574651201,38,6,0.5269460488549901,0.48667317982212943,0.608571765381925,0.6124175723685559,0.008235733636616149,0.011098835496808079,0.45417209727144897,8,FOUNDATION
0.6619879637663555,0.8448289423543358,0.6925539843022238,0.46066281325143943,16.094529630908823,18.105936751919824,1.7191344854990613,0.02026965663546302,0.6092746778285368,32,9,0.6782807319673384,0.4568992524626523,0.7239868226326671,0.8433418488060793,0.14077023185487186,0.006202427415193092,0.6170723518178908,8,INTERMEDIATE
0.1856034003966869,0.38366578836087617,0.19764774382260242,0.013848196729981568,41.402973613096016,37.09054726069062,3.2642040796591463,0.7295364712992916,0.13011763764108808,23,4,0.11281180619247061,0.0,0.33279569995261227,0.3609859640385379,0.058069576345672246,0.027391036951826347,0.17524783815554668,8,BEGINNER
0.5469626823135367,0.6923426496130578,0.7082229314503015,0.3480157599472729,30.97623955141601,26.71254485229305,2.1399931997919195,0.30847298374762566,0.5260596070611414,15,3,0.5225658434882677,0.3425752652072272,0.6738301528424607,0.39079198389517555,0.12452658644993811,0.02707978933699414,0.6105626309512365,8,FOUNDATION
0.4712883371227874,0.6303654476212252,0.4342261717076893,0.30353972260519074,31.308219301238537,28.526767424007435,1.9242192607141821,0.5238762480135825,0.3822114993443173,17,7,0.337341086745977,0.2992321070927002,0.5400443772910183,0.40215986222698763,0.11444233177673416,0.006081351619605298,0.5666786705516627,8,FOUNDATION
0.8469411271920309,0.9634961517582994,0.8199374751545117,0.5945038605484219,13.919900295057827,15.332843184696227,1.1816293188073,0.06848173891664472,0.9061969392766197,23,9,0.6594295230803305,0.39584552597403894,0.7639478886122844,0.582978991008593,0.08372012371923225,0.05041335831720947,0.9396273160389893,8,INTERMEDIATE
0.09079823808562673,0.292762139310578,0.0,0.02122180172392027,42.69506300870779,39.4195210139682,2.723204333648849,0.8193579785683197,0.0,15,7,0.2736727929393622,0.15747846724220668,0.4417088512017965,0.3490124497903441,0.14045141300973416,0.02044288518344477,0.14100518108368512,8,BEGINNER
0.7025781832129909,0.7978791383406294,0.6610923419159161,0.5435387198901616,19.482410088354563,17.525062130356808,1.556513132806806,0.4521087549703933,0.7230714607464785,26,8,0.3466577732287662,0.19738861508961036,0.5121415256007747,0.2759125491805321,0.12705180530836252,-0.00023976897101466235,0.7355078522600509,8,FOUNDATION
0.7308107836117403,0.9663559760977222,0.7844797456007089,0.49441866318682237,9.82355789402601,11.177282185295807,1.5250043503626276,0.3874879380782775,0.8040212097326918,13,8,0.5682630991620745,0.47653960563368286,0.7893300780087866,0.7312247583793996,0.09011096616755901,0.01878567521649871,0.82904495930745,8,INTERMEDIATE
0.29591467887048795,0.4876282293324469,0.36459839079114126,0.20183114996122675,16.672773650656097,18.43252544512034,1.9323843903921412,0.49353769198876885,0.4286569113204212,30,9,0.348917253371151,0.14188423013888143,0.41427162893773,0.20962089133490902,0.007968093629850164,0.001130674126889504,0.46942390837126297,8,FOUNDATION
0.05028139835032208,0.2912741463244537,0.07893761640687119,0.0,30.40130267675266,36.54134243152679,3.1180274189153114,0.6797607055184135,0.007024957396721432,17,3,0.28442558090444864,0.1095341743398303,0.5053776365052765,0.42141567442040917,0.10189749979703303,0.05926728015051415,0.0,8,BEGINNER
0.5112470007409452,0.7091432306555898,0.4942327298443048,0.32899366242139,28.47818054778808,27.913869559257666,1.7054829342609652,0.5139464415232408,0.605244560057347,19,6,0.42186973063421307,0.2536630804671317,0.5530194018340276,0.4007902934374189,0.03077742500927411,-0.006898926441097755,0.5793302068262378,8,FOUNDATION
0.2940704139841655,0.4463366074309133,0.21365413982080755,0.13859117050719968,24.861408882008433,26.71458609166886,3.257215824788589,0.5056116894838196,0.29223982164556517,38,8,0.27707167373438657,0.11427837287628351,0.40545194152840547,0.08796110570889015,0.12907672298811676,0.027701592084179372,0.4024559462106022,8,BEGINNER
0.7870509961970875,0.9369206902605259,0.7190459583077251,0.5361236783616231,16.532557687813863,18.97458715524442,1.467533152126675,0.1202144293554477,0.7758137629815022,30,9,0.6456101005701499,0.4546555869911765,0.8406387113158933,0.7556071753128714,0.14135017424025553,-0.09980411441652082,0.7389541076872275,8,INTERMEDIATE
0.4834848257613606,0.67633931608867,0.5407397434774457,0.30614024065019124,19.55821581578284,19.55294333966002,1.4129461048094305,0.5282556173807321,0.3965150477426618,34,4,0.4072708305782139,0.2536445803378196,0.5657855410648445,0.5292833107449137,0.07260584103417726,-0.0390115867100185,0.4514061543672273,8,FOUNDATION
0.8212206681690789,1.0,0.840670465112494,0.6417743696672932,10.917832640399944,11.379789131704687,1.2596134121681868,0.20886084828171597,1.0,18,7,0.7666598685739293,0.537849812225749,0.880446770896624,0.6069579942421797,0.03490953628050803,0.07422502651454628,0.8257934828963095,8,INTERMEDIATE
0.7197693609689193,0.8189958551528286,0.7913033696879974,0.5256903663513058,17.30411757552448,15.903959155286117,1.694051933144736,0.05350650917098078,0.7308196229635954,29,9,0.6161420960576263,0.333844242860334,0.8718913229987021,0.7468366915229836,0.01603250626305471,0.05613374124441492,0.7244978196760621,8,INTERMEDIATE
0.3996234711226243,0.5439151843473654,0.3140264981879807,0.19901902587789916,18.67966915534717,20.383544590428677,3.8881666985132086,0.7172569985448628,0.42793638734746353,28,9,0.10898895138104317,0.024048015921396826,0.393470356153092,0.1810570237444216,0.1165290490347422,0.05411693910298296,0.41158096104533487,8,BEGINNER
0.6140101982074003,0.8085361085506559,0.640808663403194,0.5124923977305671,22.32522840904758,17.99194003189216,2.0919394137431753,0.3140238779269209,0.554587591853364,16,4,0.527958843521329,0.44864653011814903,0.6400612506565682,0.46026096503371927,0.11905761386778184,0.03715792770987083,0.5539665823298544,8,FOUNDATION
0.6684867967117376,0.7153405762964985,0.6439279433549223,0.5397586582944989,23.245628956035368,26.566424576971915,1.8507084649678969,0.2091917118085859,0.7228887076496322,43,3,0.5349385259607335,0.41011442361836736,0.7091561716044616,0.4803066676175026,0.07079060486329415,0.007671447287021283,0.6902069286821764,8,FOUNDATION
0.5459243300544612,0.6008681628964437,0.5810140963493752,0.2519758068339402,20.592069490597762,20.156068403350087,2.2421744518824496,0.5444261263941117,0.4297094198266634,10,6,0.36930359294500203,0.45565300168473066,0.6206092295525972,0.395849798208736,0.06359342691948928,-0.032805578459354334,0.5938413383527065,8,FOUNDATION
0.49429073729570205,0.58405480990047,0.49409568876569554,0.32071213388180064,25.7932876987742,25.802838751270432,2.139093552587387,0.304671232476767,0.5964495235309022,19,3,0.5644745574915528,0.43525896401139236,0.649307394316661,0.47636158852089694,0.0013508496396712865,-0.006607194508655104,0.4905444874521913,8,FOUNDATION
0.5984221340514235,0.8484174264230242,0.6258024198517379,0.5103606462198282,17.514517027773433,12.958022657972975,1.0241375010176004,0.17172968572849812,0.656802124362952,23,6,0.6309696619987624,0.527738795007835,0.9426919456849431,0.7626507984573874,0.11096945579041487,0.12952085005942116,0.66612689226885,8,INTERMEDIATE
0.9105861876939175,0.9748124539304679,0.7888246686242059,0.5264313811095729,12.560460612520371,14.258611856684972,1.4221420207048199,0.19283909169322175,0.8132781742204893,34,8,0.6723614112155479,0.5174921409850632,0.8356266570648991,0.6470546643687731,0.1298144107624029,-0.021264598041543226,0.778956438572213,8,INTERMEDIATE
0.4625658880563747,0.6083990972583946,0.4733951448100678,0.2643235326206117,23.320400837795862,24.894191592065773,2.0249035136012306,0.5356188819736803,0.5737076649145231,21,5,0.49212508138209793,0.3301548233397265,0.6141529763581146,0.48145493449137344,0.07084214464932016,0.01919729803757069,0.5826579376239165,8,FOUNDATION
0.49917357670276763,0.4591970756872341,0.46019788891036284,0.20311075170806456,26.203065721215328,27.477250195815035,2.460063323945448,0.2164096312850849,0.3936206479755714,28,4,0.5995251384263035,0.3629592063228252,0.7093353006651518,0.6486880990735673,0.031162390951828555,0.06387737767257104,0.40063961506580015,8,FOUNDATION
0.8296697805446324,0.8451541068953926,0.8079748575425112,0.6068973146380796,14.789820736457347,16.590496605035913,1.4247579837690583,0.09655172729348224,0.8273681410048795,43,6,0.6994560444493011,0.5403101268378824,0.7612280120617625,0.847151664240141,0.03298244845610236,0.03851701336644229,0.7039162572711964,8,INTERMEDIATE
0.8113443840535033,1.0,0.9283441874403705,0.7020746391891806,12.872325877859044,12.837339680654704,1.1456259258520685,0.0,0.9953992071223488,47,6,0.8083893372183628,0.8567212076856048,1.0,1.0,0.007195133786921382,0.012675966463591933,0.9604229760609337,8,ADVANCED
0.6315583376996029,0.7894437333236456,0.6073007090662794,0.4092937531846926,13.027445964491282,13.396616442192473,1.1096082376592302,0.1827081308046921,0.6961429672566805,19,8,0.5492217673427754,0.3118750157244883,0.6741967579043432,0.4742117010691582,0.11980310563955436,0.016060579995985005,0.6999542893093772,8,INTERMEDIATE
0.34015405761421286,0.6246130784565498,0.3779654006264965,0.12930010308271705,36.71714631601796,36.42606537509197,3.9147933769963914,0.8932261414495728,0.5113763707919817,31,7,0.14575800746329468,0.0,0.3020863865305037,0.12556686898320485,0.11431074801595885,-0.0242856899899845,0.33654279737494724,8,BEGINNER
0.12947638380711046,0.40217387087908957,0.13517721268616362,0.0,25.53855646260551,23.517003769049857,3.8744971092799148,0.6354448379076382,0.23306904312831606,24,4,0.30583021403169364,0.0819716430712326,0.46263276265580294,0.16991692491004123,0.02481013567520385,-0.00972518479745036,0.11626315938763775,8,BEGINNER
0.5215357036591212,0.633350950487232,0.47154243406574325,0.34239981168472183,32.34411495566777,27.186316682157276,1.9935560031725381,0.4927793621388149,0.5356278765180028,40,5,0.4688772996704228,0.32620720322872454,0.7054390246412643,0.40058297785724856,0.03403057744972412,0.046772937370481674,0.5821847242039967,8,FOUNDATION
0.6197667266730189,0.8231055914307445,0.740797411934848,0.4464783894345076,14.772815691765556,16.56703244207172,1.5891253384322495,0.19734667610305967,0.7121701676269179,38,3,0.694594133572858,0.47424421731048266,0.8850345487204488,0.607185395913548,0.12290006284482916,0.07644237437746948,0.6758191151519235,8,INTERMEDIATE
0.46366486478351704,0.6097134898295671,0.4472510696450638,0.3365004101368031,25.27369719065477,28.169259635609304,1.9651441595581982,0.21505820747596197,0.5045273801442998,43,7,0.45163419363896495,0.26394247607853044,0.506889688270798,0.4686996757042555,0.06446180716135001,-0.014192445024978812,0.47181349358190955,8,FOUNDATION
0.8272077653229917,1.0,0.8013900448646224,0.6075601126551764,7.4042950864619055,9.31998234803223,1.2376476343092475,0.002941234008148922,0.9174377689331615,36,6,0.9194787888793997,0.7557209130264948,1.0,0.8702951708076794,0.019321961064448216,0.05547997396917832,0.8445021141331709,8,ADVANCED
1.0,1.0,1.0,0.857131759585507,10.971055547029472,10.259580576752514,1.096085162394956,0.06490001280991599,0.9817456643597102,23,3,0.7189622299514035,0.6130153105044746,0.9204265034375634,0.9257728496502097,0.0552930978747433,0.02869736042064057,0.9193548938906154,8,ADVANCED
0.6352407778317818,0.8097520376013043,0.7429621269742325,0.3884006673065757,16.912822124789578,13.17695597499466,1.4710336529696733,0.15252836448708124,0.6265945150488971,34,4,0.8299612633160358,0.6083463420672293,0.8894487529268732,1.0,0.11848021610696143,0.040952536737673004,0.7600473339068301,8,INTERMEDIATE
0.5727943173612351,0.5854841056944385,0.5209575131400671,0.4153203770946545,27.414677460644086,28.583606758223066,1.4069706521950178,0.20766229274688225,0.5835365774203407,11,8,0.4516599074074677,0.25107110708410063,0.659667214218324,0.24790735185136387,0.13094230956135028,0.0030234921667006698,0.5690171047767025,8,FOUNDATION
0.4083145140859889,0.5398681812552304,0.2769274498350494,0.0741559525235824,26.390207570539054,22.70520396642225,2.4471379208463757,0.8214091103917589,0.4942483157707467,32,8,0.1480948007635323,0.04922578343214057,0.23810061165285618,0.0,0.13371825968345583,0.008971702986634302,0.3118138064679504,8,BEGINNER
0.752022403814372,0.9741787892716314,0.8063010038119167,0.5996920923587654,13.739685551782438,13.607556973635482,1.4411545470314457,0.3755544227099098,0.8283860450603976,33,9,0.5301555249577962,0.39966767578065904,0.8059639087336133,0.7260253483622604,0.0921964228402329,0.016627672072240893,0.8598624979100425,8,INTERMEDIATE
0.8084940117697644,1.0,0.7803361507307447,0.706260659872791,13.729681733388684,12.313740353690191,1.0007035830619326,0.09472466054586846,1.0,48,4,0.9704965673702894,0.8386694949205525,1.0,1.0,0.10541743157489623,0.014022062168680197,0.6308834007882431,8,ADVANCED
0.5801517724515307,0.8297610456580503,0.6697587695091004,0.44434080786632285,19.45922556884081,18.557215886009296,1.2768139625477823,0.07342463226770557,0.7820092776729799,37,9,0.6234189830833756,0.5880852696050801,0.7469390855919025,0.49668520408203953,0.0250257351631252,0.07538605479912243,0.682674308564225,8,INTERMEDIATE
0.8468699362631675,1.0,0.8762212235036234,0.6783548233056226,14.094779104118464,13.99402626702089,1.4593062455729782,0.062043541780435196,0.9036601781547912,24,3,0.8761967962097337,0.7524986632993875,0.9438354439168993,0.730918261582585,0.019698487464647613,-0.011844119446947878,0.7767631071107969,8,ADVANCED
0.7025898154863679,0.9507249502470552,0.7864498286877352,0.5616537175690315,14.960182663942922,20.190853902094872,1.3095027027939263,0.21732945545034238,0.8566937647962417,49,4,0.6647152647945556,0.5215060607174921,0.8653133712958126,0.5687658425176007,0.015611393462737044,0.02816673403387692,0.8965477299844548,8,INTERMEDIATE
0.5975145847349775,0.7061061596396996,0.5493560598797262,0.38572462257300655,17.392075350906865,19.71081232626655,1.854817824578373,0.24500541924171487,0.6901164744012385,10,8,0.4236212251507177,0.3253192408217002,0.6995963692586006,0.6082104543874253,0.116348195298905,0.011425219980588036,0.4677770695971928,8,FOUNDATION
0.6814081024434923,0.8725850183174199,0.8420540772866381,0.5858837792191244,12.336757680228331,11.50681612001346,1.7136642844870715,0.3345923810304172,0.7105242361158637,22,9,0.6165873368295727,0.3893099162175402,0.6821814367702821,0.6716437660501766,0.0487125913450803,0.04483173074899477,0.7916075240398743,8,INTERMEDIATE
0.5345478738120015,0.6985523322106045,0.5173996401945822,0.32672615440739194,18.300919152701645,18.81680761019792,1.6172603004283026,0.397615106546524,0.4833500841667421,38,9,0.3225686601280527,0.18754540979319131,0.535640181943488,0.34502048115058737,0.04250965418558907,-0.012449926023657885,0.6096110506452755,8,FOUNDATION
0.242909847510861,0.30493322883861373,0.05933810394111855,0.03749644624220427,19.43464620307529,22.939378698268285,3.6943165788132397,0.5348808359917413,0.16890368155604074,19,3,0.17373685682250098,0.05792265539891796,0.42277344822125124,0.3508414656523063,0.0065957462432182255,-0.004972559644260674,0.2155508105434737,8,BEGINNER
0.5607731456900767,0.7070100042380277,0.4702192783060179,0.2596359291626524,22.211183522691343,21.75474587671911,1.8588617494233486,0.14339401887768094,0.5975192469132218,14,7,0.49242061332687315,0.28105324433423357,0.5105199320089917,0.5346217074395552,0.06937414110186572,0.02409221672647694,0.4758583823473415,8,FOUNDATION
0.7925982219951727,0.9161146779785396,0.7614795267660025,0.6395674009255096,9.173484354724255,7.423324163309986,1.125142217337221,0.06290000251136099,0.8983924467247644,48,3,0.8892942299939585,0.6850842256938892,0.9505185434938015,0.753737559467842,0.0453933427622833,-0.03615975254376888,0.9944343176094536,8,ADVANCED
0.7748966448479886,0.9817411035120452,0.8025359837308422,0.585447102789657,13.512879873590252,10.506959393445753,1.34162263777465,0.31739478226777534,0.7357632930860424,48,3,0.6775334206790918,0.557398559672395,0.8826516542588262,0.7032643445542927,0.06605276608398784,0.04167812300959396,0.8794723799339946,8,INTERMEDIATE
0.5984608223508424,0.6850598828925418,0.4737858109169074,0.29947541225567015,12.794858222491957,15.856794970978767,1.8197773471456375,0.2263509463884284,0.44109455586004226,12,3,0.3621413382440386,0.4088999724638225,0.6939140662694859,0.6545062700859358,0.06824404760895166,0.04382150833585624,0.5038884304884027,8,FOUNDATION
0.6953679910213515,0.8874084943830981,0.7348150042335051,0.5540094836025813,11.132499136125151,11.026806627679191,1.3433789468212538,0.2257600136084279,0.6509214213473901,44,5,0.580654899469045,0.39982833109958305,0.7401045280336938,0.7032762302636337,0.054469306573445384,0.005006126275169389,0.7229264345282244,8,INTERMEDIATE
0.8556747185198912,1.0,0.8821750961492476,0.7420945605191037,8.691223717228151,9.261157106810256,1.1179447079932858,0.0,0.8037910170098777,39,5,0.7878267031518928,0.5691331897092116,0.9414265747717271,0.738047904815894,0.06751864089528582,0.00873242574779001,1.0,8,ADVANCED
0.15207255335536424,0.21914036508254797,0.1588391234698141,0.0,37.444328606893045,36.69834031652441,3.308759861886712,0.7425948307897926,0.23634525428474085,22,6,0.23875687397179138,0.027315117224881145,0.2773008601054233,0.16482566155946174,0.1259350059713133,0.0690002118066947,0.05761159878092337,8,BEGINNER
0.7452044593447067,0.8673557106689475,0.6828808411862404,0.5499077127741103,10.768016650981775,12.541787363044623,1.086077951038874,0.24724581952771857,0.7540832329267807,20,9,0.713227005778351,0.5054330070802394,0.7606276138062974,0.6233082417831829,0.10105674715812732,0.019398798554340593,0.7073313635742979,8,INTERMEDIATE
0.3269137900341613,0.4378386114935714,0.29904710620549235,0.10299592890470866,30.094657334746568,27.462400130748314,2.9854157443253073,0.7345271748531621,0.4160407460765574,45,5,0.29284149862742404,0.16700021450006416,0.3894522489086101,0.28879343837483357,0.14789404531730246,0.0032416513386807587,0.27455058475444244,8,BEGINNER
0.5768437615016989,0.8340593691633928,0.5620652377708603,0.369952709820942,19.90218934028035,20.316617002007877,2.069398174838174,0.25311618345682974,0.5022900811896437,39,5,0.5790901839100633,0.46896352012924536,0.7651174700940241,0.3518470630604691,0.08651412711538864,0.003210703051012516,0.5291556899181717,8,FOUNDATION
0.5390506649889483,0.6000660511821179,0.5720473896097176,0.3698755371486105,21.975853434639124,21.660541847980877,1.8634002179974676,0.5587502141697629,0.3546152950670042,31,8,0.5923951092217263,0.3151899388591684,0.6168568639847081,0.5390561053874926,0.12822300794882818,-0.004993551725251611,0.5836973746047046,8,FOUNDATION
0.6589366681518911,0.8498717245236298,0.6574603624719233,0.47184904363046637,17.674481523459278,17.29212648311536,1.7013241504595857,0.2498457816152086,0.5975361240356984,44,9,0.7141176663515759,0.4439893598474611,0.7769780877675512,0.6374497870756624,0.018226675430649923,0.015841411403269025,0.8040989862355175,8,INTERMEDIATE
0.5057172103292931,0.58644978454944,0.505694229903084,0.32689065200947864,31.61685950878152,31.189312595567753,2.4775873826133776,0.4329770634592196,0.3248526791817147,44,6,0.42619290551689154,0.2722134193693313,0.6425804765612544,0.45260130387747477,0.015034238496432638,0.011141594244261905,0.4112392469053617,8,FOUNDATION
0.42292035640432896,0.5383292258873253,0.4044724119703424,0.17400254294339287,26.78940622383522,27.166339470439112,2.119108702664511,0.3051128463149092,0.5132241742616753,36,5,0.370823386559254,0.33571502202016823,0.5215019202409826,0.4567356320483728,0.04414826163468539,0.03363167571597071,0.4034881158814139,8,FOUNDATION
0.4521010774661875,0.5125477995485599,0.337889147693146,0.16631357234526895,24.65312360997746,24.45493994936062,2.31487304950866,0.3707147526199742,0.372102484857715,46,3,0.36121582174191535,0.1290601214793859,0.5341063422400394,0.3556011116703489,0.05143381370234695,0.10051464902414356,0.4470758599196536,8,FOUNDATION
0.9219403723091918,1.0,1.0,0.7373500355824637,8.126776374894238,7.938437845654183,1.2501859507981274,0.0,1.0,14,5,0.9419218142735305,0.8011579225118844,1.0,1.0,0.08706272486702206,0.0323635726054378,0.9997481258426758,8,ADVANCED
1.0,1.0,0.9489107208464926,0.8398874563584955,10.40110208774135,8.257083333848453,1.1097062626201244,0.06516317034231991,1.0,11,4,0.8260980850692373,0.7324756854383543,0.9090391225211449,0.6861014736199879,0.024636160083473167,0.029043555574121624,0.9810067291406687,8,ADVANCED
0.5541819998638327,0.7195898822289221,0.6793310166924225,0.5077058640765867,16.64538973786321,15.744489691213579,1.8534734695062394,0.4696783856376586,0.43067393063473736,47,9,0.39019694977843594,0.28860061065476017,0.5421252221801286,0.39784727785172297,0.09540605326978287,0.0864897182602538,0.5002343145123891,8,FOUNDATION
0.8320967512302326,0.947373560992622,0.7793496603224339,0.5663496325634133,14.625183828502568,8.836884717066546,1.0,0.09530010397829312,0.8822502636144063,15,3,0.8702764929909625,0.7119438601076449,1.0,0.8839079817930064,0.06740269750943192,-0.07629889092225507,0.8904851463181181,8,ADVANCED
0.8517488068509266,0.9328688936291628,0.7281243690679801,0.6000679863457195,14.52704865703594,12.748842673256364,1.1812217483311132,0.22854576516395342,0.7820278051259515,43,9,0.7202134822691626,0.47777213932546986,0.7812638277181777,0.5267034998569062,0.03730377142067027,0.11765298477699483,0.698925074466461,8,INTERMEDIATE
0.3276654107396395,0.48015474519445067,0.37215542862910805,0.11250370369634237,16.174887790549786,16.17923297863699,1.663789777903254,0.11491912372360424,0.4651722838548889,36,9,0.34993852763531125,0.1640796226328839,0.504689626828947,0.4954215056829727,0.12273180020556947,-0.02765202316824249,0.3556186742068546,8,FOUNDATION
0.7736451510320137,0.9228759035150866,0.7676184674380959,0.6575117424011511,5.166306685010893,5.840031205403312,1.0,0.17566353192014084,0.9012439803985346,18,8,0.8849004359256547,0.6982768513431837,0.9704904144520684,1.0,0.1184868002554268,-0.008724335270813784,0.910243478675861,8,ADVANCED
0.6324252279963701,0.781847678660294,0.5840568513736575,0.43466581559290063,18.425776609240994,16.07722456982019,2.304316242883522,0.3735337649855362,0.6638732489592162,49,3,0.3869106429334408,0.2298842530534692,0.4828290684178826,0.381900470919993,0.08452057107192777,0.043996987057413936,0.6377687436347583,8,FOUNDATION
0.5357986742581196,0.7399465764459987,0.5791741113377455,0.30505790335216465,26.654979761328217,29.781319932819557,2.351983288600472,0.3013969175040063,0.48389462774315795,44,6,0.4991475864313696,0.35317040974350744,0.6627717687171166,0.48290398244939836,0.044681449728419004,-0.08324326388418209,0.6854094847447416,8,FOUNDATION
0.577751242890706,0.782239977182866,0.5741237816561451,0.5012341964119067,17.04641710711897,15.800474584998375,1.295103463678637,0.20995523374773162,0.5921091017200633,47,7,0.5794217278583975,0.4628302025162591,0.7072285346438797,0.5276854266235145,0.014765632350148616,0.05199514785760423,0.6116232047032898,8,INTERMEDIATE
0.2868967214676429,0.48354865109923206,0.27833801640107425,0.06471633649239397,21.200956534202028,20.656466451491433,2.77268040723378,0.46332920635919206,0.25569437465611333,44,9,0.18779618698702955,0.11289362331485306,0.38157373567747477,0.04219321249525548,0.10827797407996685,0.02538800277262715,0.28696088616582566,8,BEGINNER
0.7626902531889739,0.9309660504215624,0.7126362602921201,0.7129280507687255,21.265667225097246,18.710087546062635,1.7114858738956389,0.14590736717582503,0.9658419161040175,16,9,0.6486220290557437,0.6109578188047459,0.8644154258830554,0.5437949996037467,0.02127432430315123,0.007444108267877957,0.8123491276012944,8,INTERMEDIATE
0.2101694799869966,0.38646251847949525,0.20919602861585662,0.07282691667897001,22.88919875140327,25.386991596491253,3.528788571773789,0.4956679441258665,0.3712321101775335,47,6,0.2104635389936288,0.12139999941614671,0.4054967688074309,0.18452285279661695,0.12714170613234738,0.046840373461245186,0.11755313613543307,8,BEGINNER
0.31677261068809376,0.49629976263679354,0.37163101462933595,0.22982184256210747,17.699711051265073,20.908599899325576,2.9411609284193605,0.601690646464918,0.37818157462504165,45,6,0.21444896380926193,0.014101030777652252,0.26314676685044086,0.0,0.09352617149343331,0.03375011491459054,0.43119475798451956,8,BEGINNER
0.5472291857922089,0.6930025056485164,0.5297853732656193,0.42675484870053865,18.27734859542629,21.744944830272836,2.3913263016289212,0.6621739507362882,0.5723085602762186,27,3,0.35839578878991174,0.18289735921587807,0.49699724990016175,0.4651894758800078,0.09702084905236454,0.013948948449521785,0.626106108194941,8,FOUNDATION
0.6921354567144828,0.7806896925891887,0.6535495842445719,0.375833186394363,23.541387760683243,21.036183412996714,1.895009607170266,0.36527744610120283,0.746132905642104,34,6,0.6581564625615464,0.3629153736000041,0.6680635985281604,0.4401388282477651,0.026581406973185926,0.042088032482473975,0.6729458104894234,8,FOUNDATION
0.7303138429834499,0.8743012593793588,0.7320322229852393,0.47051845607276144,16.34680719350816,19.773106133219038,1.3095174425892642,0.20140879837143566,0.7935103460410361,42,9,0.6129174191603075,0.42504025797250683,0.7947474582888335,0.6766558911809005,0.11399957374964527,-0.011377000137203639,0.5374371029923538,8,INTERMEDIATE
0.8219637609532785,1.0,0.7698674428177754,0.6801826698115261,18.082235160801797,18.895660259428155,1.7606418425741968,0.07716751583656067,0.9006075669169382,14,8,0.7014189975321211,0.5053875007969564,0.7870559175452281,0.5332427678246986,0.07106750434617333,0.045841263291222546,0.8275167721042199,8,INTERMEDIATE
0.14196257882553742,0.3354585549748334,0.2229351049857312,0.0,27.157233928988564,28.218472971879706,2.1714136942564224,0.6831075139454658,0.35258206311749274,19,5,0.20065705350860835,0.01623546441804214,0.3170793383038685,0.30915027982618953,0.054343949747472926,0.06383029399210897,0.1138780543190884,8,BEGINNER
0.34775339869693045,0.5445166178577687,0.4248827393112872,0.1801859502740462,29.227751970923755,34.891467876024386,3.2300808719670338,0.4000176938185294,0.48211063216840716,30,6,0.30910701199445023,0.01154262162979508,0.40783060751025946,0.24566780240777036,0.04667886665315648,0.051786326322027496,0.5056240448973711,8,BEGINNER
0.17661273749515782,0.2465603996434287,0.23796423852185866,0.017239598132560565,23.620405729144572,26.56881295112819,2.2613813103074807,0.7737430949385965,0.0,37,3,0.2084733570194548,0.07481685270936311,0.46073944384683474,0.22815080343268246,0.07282438367488088,-0.010554253123835886,0.16859274241895408,8,BEGINNER
0.6929121583058278,0.816376316541363,0.6835657401985608,0.47856628749352154,22.018731965515705,20.448871488699236,1.267773963420377,0.15374968190199656,0.7098439995264503,22,6,0.7689816789188079,0.6189752826452534,0.8604923565464204,0.6985380673892091,0.11450860176620395,0.03406741737447885,0.6827918688198809,8,INTERMEDIATE
0.3482857115398931,0.4616897672474298,0.4227916999952374,0.23450045757060356,22.840649847189436,25.81038960812989,2.52162270076103,0.23431201027030704,0.11829049166777938,49,4,0.3255730963852678,0.22606501918817093,0.5969707026666445,0.4852838560234446,0.04386681914960938,-0.07414917233358632,0.23992922401345262,8,FOUNDATION
0.8730250660204463,0.9947150401848884,0.8907597144516359,0.7153124352279212,16.319450519381594,12.423010145874455,1.0952355932065456,0.07144197550581506,0.9432701270850359,16,8,0.8093036578925737,0.7368714966182646,1.0,0.6744834462958296,0.10263145058825557,-0.03375515240583778,0.8530328856773507,8,ADVANCED
0.03271957018151542,0.18646804578598536,0.12178159109323386,0.0,29.94101688556585,29.08856214521401,2.1577979718975615,0.8786011062824104,0.1377266633684043,14,4,0.36706275312456876,0.1441347634819899,0.46528853672140297,0.20080879064309376,0.04853664060592678,0.08348066312999215,0.0028794062601920772,8,BEGINNER
0.6397622292691363,0.7639146888502315,0.552902325077918,0.33534988790953374,23.928619176087132,27.03716582293833,1.7513010214235787,0.2582423831619404,0.5818118784470604,40,5,0.2889257301156299,0.17254412466884403,0.503946434432922,0.23921050454135934,0.1245874987671677,0.03682915227295175,0.48632507439069383,8,FOUNDATION
0.5681655376278955,0.774079226274357,0.7033148798477061,0.3977374161073395,14.96860327211479,13.728170917951568,2.0144964856741843,0.0,0.5407697781707403,18,8,0.6774557776990854,0.4961482401887518,0.8423996417341681,0.5359399167908203,0.14110756194586627,0.061849557731683685,0.6420158127150757,8,INTERMEDIATE
0.6996789109608974,0.9238521769679842,0.611780734200162,0.4599850700795603,13.207978251261842,11.897930654510864,1.2793258854037866,0.1360746855259729,0.630947594063108,49,6,0.762283035396037,0.5442715685460502,0.790876709222386,0.7934120275923738,0.06881524349348893,0.045161619226624816,0.5667263360000943,8,INTERMEDIATE
0.8774991885354327,0.9953725135676759,0.8771129940274867,0.5958692674798663,17.79524053766854,19.52935966035726,1.22548581004343,0.22834638871830587,0.8674099670564611,19,3,0.5624386347303795,0.4012542874448784,0.748775880833596,0.52513546019454,0.11725833989819395,-0.020325481451279114,0.8097553541484467,8,INTERMEDIATE
0.18963368143300605,0.34983965865065825,0.21780682015527608,0.022880993171536527,30.10878889189765,26.832366615971853,3.626938990512511,0.5445381793171854,0.14069185437913678,37,5,0.12385535466424025,0.00761399596947766,0.27240577630163787,0.1418739653916209,0.12452083534149802,0.008069723414268629,0.20856397453504227,8,BEGINNER
0.34685584927417795,0.5012341175444532,0.3501169390465395,0.09080580165576815,25.66639950648836,29.42481422626429,2.4772122146255637,0.4519160406849438,0.36566301727532974,10,4,0.0821815402436181,0.06726955437352608,0.27213082852547116,0.22450992556557703,0.148434721235671,0.02293044586858964,0.22342194592079453,8,BEGINNER
0.6526878423786979,0.9437961907148226,0.7104586669534556,0.49603146833651923,17.465149304866124,20.311254221452423,1.577296457372091,0.10160231953354351,0.6941330615959661,15,7,0.6502452234452584,0.5796183877725696,0.8628122041267919,0.63070345917363,0.011802548541284675,0.00917906441808144,0.7583519860777037,8,INTERMEDIATE
0.17182650482852288,0.32488225552406025,0.2339615209985713,0.0,30.682701911310367,33.211680658023845,3.443849111882071,0.8380943363231983,0.21028798755017564,35,9,0.1903466932561013,0.0,0.31043194985427347,0.0066359149008851925,0.13532911775740136,0.08580037098592493,0.13391969337467374,8,BEGINNER
0.5289350285702632,0.817229275939366,0.6172134175462538,0.3888369040227674,9.63314626741778,11.067314462388836,1.7368112229677009,0.3192167419945258,0.5443277544901095,18,8,0.6530750937746365,0.5483725661099933,0.851564809532232,0.726583290578692,0.058148985083819854,0.06291352150909359,0.5542017369321038,8,INTERMEDIATE
0.3020130035256563,0.33471584546403227,0.20646800613246716,0.1674005725714303,30.22655462428441,33.2403909203894,2.451274648861246,0.6629065338676842,0.3627057538745818,11,4,0.21126220261099807,0.024940797627793852,0.30526277785511524,0.21082201083636518,0.02030678940166517,0.039594063112279226,0.22587484448819084,8,BEGINNER
0.8493357763694274,0.9531856008840545,0.8943683427231719,0.6399674414445778,11.04378319748588,12.006839973473486,1.2745643557851534,0.09102360551892674,0.7236521578235864,38,8,0.8202286323920357,0.7109250424177509,0.9080704759009807,0.9525862143086739,0.11459955739793146,-0.02504605592770764,0.7210953864685778,8,INTERMEDIATE
0.29241917657599725,0.3679797778401044,0.2886867908937979,0.1466775764200202,26.146291682571814,27.909971139692516,2.547778071586581,0.45659104561936825,0.39178906071710207,34,7,0.24861229790835945,0.23302740122319243,0.4834792635423985,0.2376734111344661,0.11376689354997964,-0.013924736524361086,0.28357854373522107,8,BEGINNER
0.17832381825810154,0.23919918975233642,0.08590143274483661,0.0,22.87711627259503,21.884653453342448,3.3748196630066447,0.5451658885784166,0.21058165257001296,35,4,0.2186509642666033,0.030833509288835055,0.4563001146580191,0.37105801848023445,0.07724210272716672,0.05020487131777837,0.1756153600845164,8,BEGINNER
0.6795091824106556,0.830951778431836,0.5967238670255544,0.4026519723496615,20.224214497367857,19.215810407553146,1.458697592969003,0.07401629801383189,0.7790042883084921,23,4,0.7830458556068535,0.5595913860458411,0.8573761086080983,0.7727616671282058,0.016904679065748777,0.02617646009205465,0.6203596608255709,8,INTERMEDIATE
0.6371483645302338,0.7750920508923682,0.6374848444138829,0.4362951281810705,7.302968187934012,11.483631710822303,1.6678807088598473,0.22114448450203755,0.5041625649281442,20,6,0.7117445994228698,0.5639694096588574,0.768087112359302,0.7040496547510644,0.09996399212233695,0.03192494628365271,0.5837572068380023,8,INTERMEDIATE
0.5007554377774963,0.503887965679211,0.36446852553230996,0.1581524863167616,21.370368457109468,21.98446358096179,2.3062087133586697,0.754842810518493,0.47569828569015893,44,4,0.1052326133781449,0.0,0.23807917227803324,0.33515054373875003,0.0919925020262848,0.033683005960625095,0.49376151320516265,8,BEGINNER
0.8118700790746747,0.9268595032177658,0.7109041070711324,0.5847743364154564,13.364325701341452,15.190762627176266,1.5952272311620677,0.24468011066267187,0.7938006124684702,31,8,0.595607791539413,0.3696360428061597,0.7410890950073487,0.5389444742250481,0.11873608633950418,-0.007313200458873244,0.8256092368777853,8,INTERMEDIATE
0.9753224467262551,1.0,0.9315791104235446,0.7216606215748863,13.056396942375034,11.525641125876106,1.0,0.0,1.0,33,5,0.866880433715111,0.7021275327282631,1.0,0.9121175613375616,0.07690259301749142,0.028307030653916532,0.8563042543488747,8,ADVANCED
0.24059016456336996,0.41968291883998565,0.23074782587948925,0.05958757702288127,21.52721924897416,22.080800334362063,2.148800550879584,0.7174794243873546,0.26549621059885065,17,4,0.32429628759086004,0.14796363794954187,0.4925484246525284,0.16972020700752388,0.06745909624856729,0.012492608399128054,0.2970653814252645,8,BEGINNER
0.8108222909134389,0.8620925301682407,0.8321985380585409,0.6452474597914835,6.0777593014908975,6.671521853807496,1.401155229676056,0.008166994010323926,0.7029143608956505,48,6,0.8954519889656016,0.595426914814801,0.9857937272356372,0.9841191070429598,0.026805918139891326,0.10849565338277965,0.8878994607979205,8,ADVANCED
0.8959428424048775,1.0,0.7495276799017303,0.6316966461365848,12.22707565262471,11.372409292433552,1.3415849728674907,0.43529260669615366,0.6927884414584204,48,8,0.5886341078389757,0.5044732842353571,0.898633682920471,0.5591740451018612,0.0740698343573619,0.006708581717650385,0.9368768605211795,8,INTERMEDIATE
0.8906154454877024,0.8244201229160334,0.7963842742379769,0.5679460380427944,15.819110672009613,16.620102041140143,1.7992061992749446,0.2738871562496686,0.6562502852035252,47,5,0.7304719620100776,0.5223593755102038,1.0,0.8060439167707456,0.12010392013750966,0.08580880407650111,0.7806918532270931,8,INTERMEDIATE
0.4249023396713971,0.5605808299009247,0.4993135816693859,0.1916675375471352,23.978200959989145,24.661808187679984,1.4075902208048188,0.4305403048439252,0.567694457958591,34,5,0.4881414106235609,0.4316703361375728,0.6150731322284945,0.4495298217640524,0.009115390259436128,0.045783031504169715,0.4178617254413937,8,FOUNDATION
0.6812064335797934,0.8901923545368242,0.7636608256790649,0.5155982162752151,16.199448943548674,14.125243366106044,1.6730682111288329,0.27013742213272407,0.81766936145281,46,9,0.6086918455103772,0.4495807193861421,0.7192620423784086,0.6128822058494319,0.01654150924148503,0.04955452656626108,0.7435711393343771,8,INTERMEDIATE
0.8094935721051271,0.9921677837059932,0.7985535858112011,0.5973842572262015,14.3696516143679,11.371872477247088,1.0359610270211448,0.32212645899821346,0.8287397231128009,43,6,0.6611917203479997,0.5088951788175672,0.7885097266742807,0.7458332192832967,0.14299385945494347,0.031664252054393605,0.8601354403691763,8,INTERMEDIATE
0.20881974785392998,0.20942933054246704,0.019417654908180884,0.0,27.695781766644075,25.771742958940123,2.5246324629911214,0.5137716787179608,0.23534011026678148,35,9,0.12733351426809483,0.049085315457383816,0.2365176952748999,0.1882577497548199,0.08407832773426348,0.02073470477721834,0.1428992120615729,8,BEGINNER
0.84497961980047,1.0,0.8406331842002386,0.7190904342148338,13.237623937939441,9.123486489929448,1.230643598068381,0.10724803434582841,0.8985206618107798,26,9,1.0,0.8388483214293586,1.0,0.9935978131055102,0.12254526757123142,0.04490559978222708,0.9524113674617279,8,ADVANCED
0.8714931889212095,0.9361573472075945,0.8289147464371333,0.5966207324825593,8.924469607247763,9.68463819922164,1.0048148747997956,0.0,0.8305728607212463,22,4,0.8260480563540451,0.6867916985119132,0.8734735069029008,0.94588863839686,0.13635614119713538,0.027055724835279647,0.7271271157443678,8,ADVANCED
0.21287301000121522,0.3870590659156566,0.23530239090994706,0.0,30.932054908020532,29.198970585827276,2.990400739885907,0.5977441736191986,0.12936819655895127,34,5,0.24326883323015486,0.027644756835339276,0.35517492436536985,0.2494195790645826,0.14164983536224374,-0.008267497625054718,0.3519938061410709,8,BEGINNER
0.704524314570157,0.8216265460751965,0.6091092497116055,0.5189365111586426,14.577353108887731,9.72420534837905,1.203856267870331,0.13118284020480236,0.6099663357870349,17,6,0.5772327276601225,0.506903569658545,0.6112002800680262,0.44444266473602256,0.12625376521455056,0.055863177189160756,0.5969516317728594,8,INTERMEDIATE
0.7016348406786168,0.8508705821719659,0.7647184302863567,0.5055168229264717,13.862250237579167,15.750471005690958,1.1442300458104742,0.03580234739488877,0.8202997578718454,49,6,0.6340082380322498,0.42079173123558,0.747942460997493,0.6246834099896882,0.08332780000538936,0.010266815248766003,0.7062792065334561,8,INTERMEDIATE
0.9786894347053408,1.0,0.8901100713933144,0.6166809044061536,5.708715236377823,7.436052713175229,1.1813512164887832,0.035696017909943194,0.7226687782704383,49,8,0.9361562980364708,0.8394662274230479,1.0,0.7987850843762692,0.10741378767472702,0.004084949294783299,0.8697253647181233,8,ADVANCED
0.26838170225679037,0.32715726319199145,0.21268729735729433,0.018418189920832728,21.404567586137404,19.70005256875318,3.9565571294533135,0.7969825429294635,0.13081708673788112,33,6,0.24094550245124435,0.09399414193552832,0.4993704193037294,0.13882594768526169,0.03172054800746198,-0.029482548308218174,0.19408948852877972,8,BEGINNER
0.3481014803946409,0.5417268865001587,0.44313451009318416,0.15210311627689196,26.588487411267913,25.233584278915963,2.1170588445648413,0.4085715223313818,0.4358191731472516,22,6,0.3201005090965688,0.29287374466624067,0.5264657523061055,0.4094836938343028,0.009699831577585598,-0.04688370930438421,0.40994467319837413,8,FOUNDATION
0.7888167853202201,0.993470758790033,0.7848274600527787,0.6050100016324794,12.63365290669692,13.784555698817357,1.1153465764453836,0.1272387141879517,0.9639524757247093,34,7,0.7765400697539008,0.6586522535004553,0.9234997932699069,0.7720155399626066,0.04586392307152566,0.058189988618163005,0.73174205227228,8,INTERMEDIATE
0.71636201237797,0.9665804377082898,0.7585073084113835,0.5664482379365592,8.24134993831864,13.961690630032704,1.655666401472995,0.1694214806744645,0.6597526934320235,21,5,0.5809872023882743,0.3273302797812901,0.7136850050877225,0.6816019841835438,0.11157979213322565,-0.001739734668610847,0.7902706235132513,8,INTERMEDIATE
0.3660143163413795,0.7003932265101613,0.38727598471279656,0.26617283702291533,15.80337331475256,12.854574612685933,2.1526768552783486,0.34578909800542745,0.49239780525839294,10,8,0.5950327767755514,0.3804821768401046,0.7354819646899844,0.48092383577736914,0.053425044797166456,-0.05052337082063875,0.33902342266582436,8,FOUNDATION
0.5892807820395004,0.7520251860760103,0.751636094726666,0.48634821109534576,18.42866442672227,18.206899294305487,1.7258763277850133,0.15901573794610674,0.6538883700805381,16,8,0.6797895305196516,0.5077131847170225,0.9558902640581891,0.6032029068397581,0.027774756812430388,-0.035653205059358886,0.6757110316694614,8,INTERMEDIATE
0.14467556445676638,0.48917595609146725,0.17474894745826108,0.0,36.09563539168387,36.51255608275392,2.4358419467522974,0.4435593599138926,0.23897858678875272,14,4,0.12772694511010732,0.0,0.3379947401702113,0.17983560965250417,0.14002091879213366,0.045005641481043336,0.24402286347851446,8,BEGINNER
0.7940827774760275,0.9312890274776188,0.8016361444498353,0.6093075979030649,14.142116813540973,11.051502461484773,1.329520967238409,0.23847567309719345,0.8460138285195813,41,8,0.6488598488227049,0.5461773614962564,0.9158686881519607,0.7691975110981973,0.11323975996083574,0.038682670281057416,0.7964337596466723,8,INTERMEDIATE
0.5827800931934446,0.6585917422680191,0.5878623857099105,0.2871667363445075,19.68769627659106,19.636443989428376,2.2176572085961745,0.5190925734472274,0.48969094635616806,16,7,0.473001120974849,0.3597739526071164,0.6398933957509797,0.5033914525221478,0.013790690388125647,0.018601529275650886,0.46806734809857514,8,FOUNDATION
1.0,1.0,0.9373125968671451,0.670208338375905,12.693247339148456,12.28895079965883,1.1365276962636657,0.0,0.8508500606914755,27,7,0.7845289322896112,0.5923845318047513,0.8896817137929877,0.6753882465583119,0.10634311851426329,0.0536378393599711,0.830755137874342,8,ADVANCED
0.16427616038933263,0.18103941809937896,0.15067594055475034,0.0,40.303553804264375,39.51456346078054,3.599270019906773,0.6458339595149799,0.19476370367645535,20,4,0.1211954183794734,0.0,0.24868858537157662,0.2344723479571676,0.12467021481055438,0.02889148998527171,0.1475435027798504,8,BEGINNER
0.2868290555534151,0.49008618797277226,0.30616310296017674,0.1989613365191616,28.74883493559693,27.572879638044462,2.7313313976047136,0.5395204898371679,0.4074381767468378,37,7,0.23677745203411477,0.03909136946642709,0.3165904759976618,0.10655913338390256,0.08073791195171484,-0.007911513119889215,0.4236015909427732,8,BEGINNER
0.6907803767028619,0.8221799586018563,0.7586477106351358,0.6057102234650337,14.727487737963322,15.666648118225075,1.4358199196676715,0.0,0.7045307809905756,31,8,0.6346752697987202,0.4375707028659449,0.6483092182797697,0.5998469790270038,0.023061754799367888,0.023564363027473084,0.6754259834183305,8,INTERMEDIATE
0.654866247213696,0.7854573500286849,0.6357619890133658,0.5127411393391693,19.15308269945043,19.32432511127066,1.2099800787128154,0.15811338468832445,0.4610596787668018,19,3,0.5489084989295577,0.33483398526007013,0.6860075447759038,0.5546735960573598,0.022193210816095602,0.09541553743737753,0.5938226091380109,8,INTERMEDIATE
0.3108133299787723,0.3732558622784649,0.21781765699173353,0.0,33.982687591521234,37.611811218886494,2.299665042959429,0.6180144743799452,0.0020546804225632653,29,3,0.1552141965921419,0.05421732836687223,0.35538457865892986,0.2522786188002878,0.09921612576761621,-0.02516465553895546,0.2634783763650913,8,BEGINNER
0.5654383689606292,0.7843641509740524,0.5739881435357765,0.4086173333630242,24.23068886059395,22.996493298138752,2.366036158232945,0.36382989556876755,0.7240849225049928,19,3,0.6095198477967982,0.4246378171742399,0.6528989520198523,0.5309289359083041,0.05911998642424676,-0.01705813343174146,0.5984757729483278,8,FOUNDATION
0.7590050382927515,0.8970906345445863,0.7746780021551017,0.594014246881018,20.469551506758915,18.485401265905583,1.1090600955647762,0.13680482428037544,0.7763142985855688,41,4,0.7289495679295824,0.5323135668046836,0.8200041984790815,0.7608625037553711,0.07357176108121008,-0.01304205983762904,0.8062489393673422,8,INTERMEDIATE
0.3300096157606615,0.5840417714284637,0.4278872448634047,0.01134747660673957,24.366522444979655,24.676931933934814,3.7957900337921644,0.44504445218597266,0.5171600741617592,16,8,0.14897935935567017,0.0,0.3224425373453471,0.015371711812471406,0.11805849809855494,-0.008052542601113401,0.3639935255038911,8,BEGINNER
0.5469767482985018,0.6947081862266445,0.5104506799305185,0.3182230675006318,16.640227471867874,18.89043923904371,2.4160299983918905,0.5685327264839823,0.7014418748734704,13,5,0.4312495104231374,0.17327763724253958,0.5511379414116284,0.3460284295739877,0.037334757778978794,0.0006752554838604895,0.519194855422667,8,FOUNDATION
0.6521977224812229,0.7977665750399301,0.6806129812955435,0.43846357836972993,11.797795072931365,13.296697253539795,1.1616209573143566,0.18070936276845428,0.550051787157056,42,8,0.7684995392384928,0.6158003783487892,0.8980771940813398,0.8200265053441289,0.08531536537843158,0.05336094696522642,0.7607247524727406,8,INTERMEDIATE
0.7783761246520596,0.964592117851583,0.8457457097572044,0.6565278250872628,6.134633140366462,6.965576263999043,1.1760881405013994,0.05856878178748569,0.8107484613857355,46,8,0.8553474733003802,0.6801904504300598,1.0,0.7980739698720578,0.05939116437209611,0.03344024672196154,0.7277466246053952,8,ADVANCED
0.29050489981213024,0.4489445397542158,0.29810198092412665,0.2501926865191863,25.918746481881314,26.183742817933,3.1703325804900535,0.5648467376181496,0.18039520958795577,19,6,0.0,0.0,0.2724566552413908,0.02207039030879654,0.14893552363488965,0.10126651545375975,0.23279514732581166,8,BEGINNER
0.9111128242065636,1.0,0.897391546496542,0.7392303971718941,11.560863060985652,14.225675987034927,1.0,0.017948029862481764,0.9744609232306201,49,3,0.8031009839270258,0.7409583861322595,0.9867006607155362,0.607378046201311,0.04645208465271838,0.05299248060522825,0.8656509242946664,8,ADVANCED
0.8754185279453267,1.0,0.9197952648937359,0.7819329453862809,10.235157456684139,12.746071654001783,1.217910153273125,0.027107688434388294,0.8548861529024205,23,7,0.9030149546888141,0.7860448273452969,1.0,0.858200732526594,0.015524625539035152,0.034466945282149226,0.9166652380737671,8,ADVANCED
0.6222387476377496,0.7442589894415713,0.6948982022374172,0.428020795420348,14.891700933781873,17.076678136024977,1.7631500385792511,0.2116943706944281,0.7122882356889639,30,5,0.6202580534255556,0.4308549104191193,0.7780153588668418,0.6955778521649365,0.07103094703483358,0.0297581023570909,0.6647327631107134,8,INTERMEDIATE
0.8623745216203165,0.9904632234019194,0.775112259431636,0.5437446383791553,13.98891988553845,11.782092918261396,1.293519836822032,0.08973410706536358,0.7331157391701565,40,6,0.6372757877993955,0.4984157928576392,0.7782341493798731,0.5876231349819161,0.1376449786382565,0.013318613513661436,0.7691969099808781,8,INTERMEDIATE
0.6108857194263841,0.732236453478188,0.553012260621094,0.4850061257681154,27.41009914006115,24.67690388122757,2.3634153626068395,0.6344404547392672,0.6320455283707412,18,6,0.679214410385952,0.4675673156507801,0.7615537306840006,0.5389791807205485,0.08995294713420891,0.04867794184387125,0.6010539959715584,8,FOUNDATION
0.6556387563831326,0.7829268898741273,0.6466281419657468,0.4016179290042433,20.35598683727056,20.541268679749862,1.0706078963408476,0.18514120129490821,0.6499308854932334,29,5,0.6123959317626868,0.4763242722099729,0.7838337639789186,0.5527823396869415,0.07304110698588724,0.09221717059899727,0.5308342009719648,8,INTERMEDIATE
0.6025027780906963,0.7606796609280495,0.6158867693828083,0.4852494050331806,26.313663277862542,28.053451724200983,2.09362518411245,0.35209192620166035,0.771586206635844,45,4,0.5329716506637892,0.4730494225758913,0.7197558595851744,0.47957112795946705,0.07859613040285708,-0.06094112859932202,0.6746615636203176,8,FOUNDATION
0.10528566065663336,0.38477841733752177,0.10477403899587417,0.0,22.458038939688773,21.529383663793325,3.943239901842277,0.47820794028824937,0.27799063537423835,49,8,0.16838420702497467,0.04402653256724677,0.39876795148987415,0.15084598666514346,0.13204368945201453,0.016911196886471965,0.16998313508592897,8,BEGINNER
0.6712047890324354,0.7530946797971716,0.604370060864086,0.46449725546020376,13.155580793334096,9.92361582859028,1.8041529205555982,0.10968926541876788,0.6333807906781429,39,4,0.6194176905081095,0.538036755385372,0.8172546666008834,0.6747447514232578,0.06302018312746506,0.044460591233215066,0.6916631641045383,8,INTERMEDIATE
1.0,1.0,0.8891860435813911,0.7512664058882564,8.460952955986278,12.717700624091199,1.0008404258504449,0.012155125638538558,0.9642599628958004,31,4,0.8992435763919442,0.7385437267075959,1.0,0.9386024071177022,0.055684147163614583,-0.046264068597622054,1.0,8,ADVANCED
0.7786096382902767,0.9118428666377559,0.7211216350342767,0.4584335714356393,9.06253809951001,12.252418009194429,1.2557079417703878,0.2057568658079188,0.8478643131959355,23,7,0.8129216040057244,0.4755096315280409,0.9906188730549165,0.9495373212658565,0.09900039068618992,0.029422679821464136,0.7233990571786102,8,INTERMEDIATE
0.27018847791474654,0.49295529360296175,0.3069620288980471,0.10525253841824417,27.160060840948628,28.183387023242172,3.435795848425732,0.3877325009295487,0.26383804920100207,44,4,0.33518238707185,0.09196041491708973,0.40618705697768925,0.3511924169155471,0.08795462119844288,0.011977497836718302,0.2694083851509,8,BEGINNER
0.21874824329751225,0.34243959226317855,0.23989789436483547,0.0,25.613934983183825,26.822261361095297,3.0033177332730996,0.6786242224443854,0.2395616541647038,38,6,0.24555849289493942,0.1748137772754515,0.4209646433028518,0.34258652741829276,0.12198934520259813,0.04887584773036059,0.14483831466903094,8,BEGINNER
1.0,1.0,1.0,0.7429346040575227,4.211015726455884,7.417413345913503,1.044595019106955,0.0941689696413665,0.9950430557190861,30,6,0.8196645203657076,0.7481565190864413,0.8582465539533735,0.8210637890185578,0.13420711571334193,0.015286364138451702,0.9811982202470362,8,ADVANCED
0.3849538633150047,0.5640027864002418,0.46750136775535955,0.19866768405806665,28.75540211209654,28.23009094084654,2.057103928053195,0.5276293076396912,0.5309719487879029,39,4,0.5366835018193767,0.3766295048639471,0.7228879415066881,0.2689224580593565,0.025775183537537428,0.020260263094747318,0.3118315034176993,8,FOUNDATION
0.1298991726783755,0.37690438119091974,0.2071660310652954,0.0,39.881886296822664,35.50410494320789,3.80641324368485,0.7033363585321368,0.20495352682936388,19,8,0.23342023940998724,0.07686075391975251,0.3478270778087731,0.17882912567391276,0.10572542962760047,0.041307827982309246,0.07768599068923611,8,BEGINNER
0.1221529638990771,0.2679259043889115,0.1282125426868177,0.0,31.50066721309556,35.02026616506966,2.4440121760260127,0.519229772313334,0.27211863557298543,49,9,0.28686609121703976,0.0,0.28366520723459315,0.11478699690945167,0.020712548490301356,-0.003486489824479886,0.09134054344714077,8,BEGINNER
0.851228352079894,1.0,0.889832387372468,0.6398707866870131,8.098027732601473,7.813546586386627,1.0314780211629238,0.0,0.8713692428434415,24,3,0.9921866636537783,0.8249102751172935,1.0,0.9410703868184204,0.12647987124355276,0.06533921333377148,0.9365932065157714,8,ADVANCED
0.2578752124254575,0.4233842416270742,0.24598361776972388,0.11903428993298888,36.311277662044276,36.30561024346268,3.572625253820556,0.9148209116814604,0.15917107389272483,43,8,0.27493132956237204,0.17323183887017413,0.5028708923369483,0.15535413054147054,0.0012832155177255277,-0.028722627380514804,0.2446202414677757,8,BEGINNER
0.7437504688193781,0.7435118892927012,0.6224718767326957,0.4355053900214653,29.531743678087025,27.827543203742113,1.583302454182872,0.30928051780875604,0.42639574063227687,41,7,0.33685639195215017,0.0928441044401977,0.5289566600572623,0.3856193597187161,0.09313112813352019,0.02266921362395109,0.6782620911790285,8,FOUNDATION
0.5817932278898331,0.7797398463142323,0.6135322891768474,0.4573227854165684,16.787272412737643,19.41223108023444,1.0,0.2894144930857343,0.5483804765322371,15,8,0.5553448486153256,0.4396635169493752,0.7110751407587635,0.6443079066173811,0.08163808640262944,0.06879184458119089,0.6165840909580182,8,INTERMEDIATE
0.8031550362745293,0.9803179750626012,0.9061325843913457,0.6029202431244954,4.7744575607042306,7.127681658475822,1.2326768844252247,0.026708509723243526,0.8446372081455275,49,3,0.8201923839985215,0.7359839091000528,1.0,0.8404467401430167,0.14600687936626758,-0.021716909329133133,0.8117415834896369,8,ADVANCED
0.23659010309530754,0.3645260028096068,0.28754272782733303,0.09709448722820982,26.696730051948055,29.758606048215775,2.778991421114463,0.5132012895158323,0.20432663841548107,39,9,0.0013919902601618878,0.0,0.22060925516793417,0.09926365654155177,0.13279242436453506,-0.005562972893476365,0.31584716235133264,8,BEGINNER
0.8240755244014112,0.9825444462556447,0.7690701180537591,0.6634103127246961,10.959370123037983,12.457643614911458,1.3428956071060296,0.10678648204849307,0.6865762308336003,23,5,0.7931663469104382,0.566313940603424,0.9556456439228003,0.47123054294574646,0.1473671035570612,0.01902348052664489,0.7764485244918943,8,INTERMEDIATE
0.6858451624086608,0.7041362889217697,0.6087114513856957,0.39501410515002544,8.769191865198382,11.362114519135257,1.5730953503065896,0.2973265231167639,0.8295192864076321,22,3,0.7443378206546103,0.5823047076657089,0.8747582088273453,0.64514869708286,0.07478538254453329,-0.05549965852896034,0.8036316417873385,8,INTERMEDIATE
0.3381018341194454,0.4795240465475152,0.3352118560426054,0.053984593837860605,28.666510801003913,29.416822860200707,2.972087260902547,0.7930447572906644,0.4092300013677265,23,9,0.05517654097860996,0.0,0.2575134574509593,0.0,0.006370636573261701,-0.09913811760365325,0.22833699451862835,8,BEGINNER
0.7000626286688603,0.9036313164053487,0.7518643614705179,0.4858603426825646,10.856729710630146,11.143866090183343,1.1386831856592003,0.17604500352585373,0.7440982320581336,41,7,0.8166526812591601,0.7387806464549087,0.9518703600552777,0.9055835675244652,0.10157851409651782,0.002416990808289242,0.7160342408569846,8,INTERMEDIATE
0.9392765196494388,0.9336184706955106,0.7727831731347351,0.6408216603934602,14.758195939985585,10.697456131809373,1.1978878065977228,0.09389374635717918,0.7175676635301097,14,9,0.8059656289915416,0.7162823073519241,1.0,0.9980737824929452,0.027680257610496615,-0.011511603682321955,0.7197246484327918,8,ADVANCED
0.7276100627030798,0.9652147364069561,0.7734506639114119,0.6053664348213811,18.056291472892212,18.980362140888342,1.554853784097733,0.1652854819281706,0.9048735154357237,29,8,0.635682174870569,0.5918592611790598,0.8897971426625129,0.7260730093507117,0.049532283774004114,0.04542676588135654,0.6702126741242129,8,INTERMEDIATE
0.3992571415878328,0.5169824180378079,0.41749945623285345,0.16822389016486694,27.585128698250465,24.80236636477419,2.1064043899424805,0.3663234297988172,0.36616855963431116,16,5,0.520742012369983,0.29451075659417025,0.64202619527771,0.41333685487007576,0.09862410888843766,-0.010299502304245596,0.3183447547265482,8,FOUNDATION
0.33154092423192844,0.4296864963979815,0.21551889179930972,0.058259827969192796,29.606355343987882,35.40333240400902,1.9649968649484795,0.8912276814153115,0.029296774600450326,31,3,0.16504409346170024,0.0,0.2368425314781383,0.060293578048393776,0.05318517316742262,0.03128940170427606,0.23936370900308704,8,BEGINNER
0.8952078378912691,1.0,1.0,0.7445818081621693,13.720182076879537,15.5851222828441,1.2329970571522764,0.0451040357345283,0.8862976644098576,27,6,0.8222276429196838,0.7258087109144857,1.0,0.7285220889679558,0.08058122690923329,0.09469640718210989,0.877917200437929,8,ADVANCED
0.5304353079773326,0.6703197028471762,0.5224266368725371,0.3633332189773991,16.109776121008775,15.343905153254315,2.5351468704982545,0.27992001958098134,0.5838973613356147,20,3,0.5530108509552846,0.4244720590350941,0.6638803435696676,0.5379159223607314,0.06669083988541513,0.06929741916573606,0.5919805124683382,8,FOUNDATION
0.4185106371961657,0.4724643318683853,0.408485104286436,0.15079674379541833,23.46378629827447,21.460978718142922,2.004689932101272,0.25736603832732424,0.42461100377146366,43,7,0.5942180843515985,0.23995263797311628,0.7529961094284212,0.43207865758521957,0.06649289791188592,-0.08307615560561248,0.3121841878744124,8,FOUNDATION
0.2070958671994748,0.3922924863334336,0.3542250255503079,0.06052543590234718,22.39219835846164,20.533373725514735,2.668642905977736,0.41397363870128673,0.22618276895961376,38,6,0.2324063382976019,0.0912440748284543,0.2935930313336931,0.11673321523543054,0.033625841512035265,-0.030680292117723437,0.15667045199108465,8,BEGINNER
0.7668976013955389,1.0,0.7824116441620756,0.645354723802958,15.334866929019094,13.499464671848154,1.376078723689472,0.2978246896792009,0.9132680253186296,37,7,0.7221332549758174,0.6356182889410873,0.8463388776125783,0.7668116613685118,0.10353161650492017,-0.022319915288884388,0.9390709554117396,8,INTERMEDIATE
0.25243726100672376,0.4437776000200566,0.20096463024880384,0.0525733859231796,26.25101853265747,30.75696021158001,3.5704212873337773,0.5825391920412236,0.14868889122064394,47,9,0.13314675829713501,0.0,0.3864938136390917,0.01629311371762611,0.0011595401010523476,0.026740071164510174,0.14040747183935454,8,BEGINNER
0.11173930276579849,0.2471061260765439,0.12343734097312137,0.0,33.93410033917551,35.978161759821795,2.935642618962007,0.7259545486220278,0.2759151762779095,14,8,0.20849087602666327,0.0,0.37680375538875216,0.15034901500147804,0.13609343421788578,0.023410339130141816,0.18851255956118734,8,BEGINNER
0.43007107339683615,0.525561513207434,0.3334404290214769,0.2660596637251258,23.026910653383652,22.335878451987888,2.062997756821131,0.21778490119975458,0.2865921253737257,14,5,0.5772384606183851,0.4267474917843976,0.7001596921485581,0.39713942112310424,0.0857027348560418,-0.0020588345396880155,0.4621807795854928,8,FOUNDATION
0.5023779344473533,0.6809171302940493,0.4050108327696318,0.3498581814741119,28.97497699050452,28.091006682311143,2.024131737335672,0.5162690084312157,0.6732087546045029,23,5,0.4412786364719854,0.36292697496065374,0.7482342972922709,0.7351768430279029,0.030785089017046373,0.07366832912224862,0.5969685784318662,8,FOUNDATION
0.4855098331568982,0.6384281630486326,0.4977227767981957,0.2742682573348503,20.85518411298817,21.276273914408982,1.8981088162081379,0.4335975181341246,0.5255296226713533,17,3,0.6590284069916382,0.3912299047363754,0.788237575824972,0.765218073042996,0.08440001709844996,0.01988768991214395,0.39605586602619525,8,FOUNDATION
0.6845705984338328,0.9309856086340218,0.7212827057198834,0.5279713858589552,13.073242185790368,9.76617318702779,1.8502411794994629,0.036985300673970066,0.8184829118782028,43,3,0.5860922899803415,0.46082471585319856,0.7328462053476457,0.6706586805263838,0.0981590047245862,-0.09416193173075198,0.7089168291893144,8,INTERMEDIATE
0.8086883285448165,0.8706097374308255,0.8250151334280487,0.6882786952506995,18.404432993496815,19.21684882250881,1.7072560359690077,0.1515057950427626,0.8992043348016913,15,6,0.6421735263437408,0.4069873854925568,0.5990982314132121,0.5940077632413171,0.012598425208373842,0.042613718882428944,0.8311663734388091,8,INTERMEDIATE
0.6843842936645244,0.7669012608731653,0.6232271377903278,0.3847734964338152,13.021760300413247,12.917924273463406,1.0,0.1297752289862425,0.6380111920777504,23,3,0.7984849684512628,0.5167717421538075,0.7520705312798472,0.6578059001961306,0.01787355683106972,0.0006255668365154794,0.615236078836536,8,INTERMEDIATE
0.5203560933485605,0.7349563496891105,0.6216766339248244,0.5628245519307193,14.513918065837005,11.619814486707002,1.4786623571543784,0.10383397435014671,0.6591783124259902,44,9,0.6331058986217022,0.5420938302383703,0.8129613847566963,0.5884674853769918,0.11481483251171574,0.032979782334947694,0.6669519743972687,8,INTERMEDIATE
0.1775480857765207,0.38449490218479215,0.26259143171688165,0.0,32.32690106931808,32.185779247856985,2.1578479430968915,0.888940794220583,0.03016049829359002,28,9,0.20264650363694803,0.07302298312433193,0.3682752047168754,0.17289181803915854,0.1228978143520447,-0.012055582707638481,0.29771484875312726,8,BEGINNER
0.8892285814527462,1.0,0.9507535574553537,0.6520601818904582,18.771338294205023,16.165900631209173,1.0970598142590544,0.2245503038058128,0.9772711251482155,27,6,0.5999084630395946,0.5359710758665376,0.8529880231540388,0.8660225800200365,0.025387139616434178,0.039831396961072865,0.8733300615822384,8,INTERMEDIATE
0.612421053444493,0.8115335642267931,0.604674039268524,0.42097802223580116,19.917730377038943,19.108393205659368,2.2040021725607444,0.24115121285406094,0.6411185794980496,32,9,0.5047461007592132,0.34544472703377227,0.6241363938932134,0.43220407536582783,0.05680595363480659,0.030174100172614383,0.5225856489609291,8,FOUNDATION
0.7625927262225354,0.9164888301588245,0.734325055105166,0.57492003982891,17.011864130477964,13.632059746029979,1.3285982864569665,0.0994996404764727,0.6898417269335808,43,9,0.6111699602683626,0.5310864759424616,0.749459421577755,0.6512368552901957,0.015531535792917594,0.061900702726815526,0.5552086352788701,8,INTERMEDIATE
0.6724626790501833,0.8853786477352,0.6837213127041248,0.5499826761328171,18.650947895817612,18.530428453729105,1.4394485556601095,0.22088869424895474,0.8375057606279647,46,8,0.5792229871913791,0.37786920552996295,0.7736502858174708,0.6706340643370335,0.12483943289552231,-0.036379547560438166,0.9055516301557005,8,INTERMEDIATE
0.7397684930301159,0.7888238122255793,0.6613921069183721,0.3576858769885266,19.63540396695962,15.095410137692392,1.188631662966542,0.10339170078527622,0.6646892605612558,31,8,0.6361423820153186,0.47840318365330115,0.7620938596081269,0.6974024251648375,0.10464522342489962,-0.0031458189743163584,0.5870919940014826,8,INTERMEDIATE
0.8851187228089007,0.8974218963494295,0.819042397471756,0.7022709521559398,13.88420311376607,16.430122811833517,1.7210152927128062,0.10548478581304613,0.875168842184584,10,4,0.6426058903496134,0.41525954193197967,0.8239996281784799,0.6468874780293945,0.11192257557401819,0.03470081996533155,0.7048416000189317,8,INTERMEDIATE
0.7259782236134775,0.8284588526827406,0.705101363008415,0.44689112219481036,13.26712820590421,14.823693401658748,1.6756082499725746,0.14232542173797075,0.7211961603748208,25,6,0.8200834390066577,0.6734647117423767,0.8785255249600251,0.7933322443286775,0.09663082227610384,0.004414620376639276,0.6258178135480601,8,INTERMEDIATE
0.7854105834597601,0.8937227479867738,0.7488617989128866,0.48753676675385427,13.206419969687026,15.479941283361185,1.8247710606530125,0.10077703918247248,0.7478475426326119,36,8,0.8217485758558103,0.6584594341710038,0.9425235983677763,0.7651637599466318,0.048329017597194414,0.028484657898564185,0.7879791836501066,8,INTERMEDIATE
0.22045967798544133,0.29513284028327624,0.168743277289715,0.014822979919915713,40.30255699035692,37.432862301001705,3.847915737362562,0.49046091275846004,0.07123051310388537,43,4,0.21177117711662227,0.04117576230410698,0.34703225919663117,0.10215923702850928,0.047667811288029584,0.069503061535818,0.262634108961964,8,BEGINNER
0.7790090850880163,0.9491901186268665,0.69607061153774,0.5521251413413845,14.693411832525456,15.880779090207023,1.2742157973044337,0.25508958445801494,0.8369605752996903,32,7,0.6669341443110639,0.40207987680094,0.779820176612561,0.6567128460331378,0.10870642311965663,-0.014517593306314452,0.8138690018980533,8,INTERMEDIATE
0.7349751741463713,0.7772923049515463,0.5069545818107577,0.38160976173014816,6.364471556504752,9.89941747445053,1.0116142021104435,0.22199678559074623,0.4566775573525844,49,6,0.7443724661203375,0.5699368877935372,0.8054495697117426,0.7765165941474371,0.025433699155520326,0.11611122801347265,0.5713259131979057,8,INTERMEDIATE
0.6550726662178759,0.775787343800952,0.6648355314906185,0.3992077916349503,26.927685343244224,28.67472599381647,2.205276227519261,0.48216330892596476,0.604631961054889,17,7,0.5169718406252806,0.27729637451478883,0.6896455229342668,0.5878829515164032,0.12226109860239148,0.08491672448877084,0.5114393041080808,8,FOUNDATION
0.38866425419341194,0.5535854102689038,0.4098038165484184,0.21356147998615171,22.227999005248765,20.93890843848368,2.4040730477834433,0.37831269991798716,0.3465064394391739,29,4,0.5325685044402142,0.3641587411037827,0.5796592158044022,0.49676843572672447,0.06977605449849575,0.0471669798499524,0.3559444950163059,8,FOUNDATION
0.4903357134773048,0.7659804242268881,0.5837904556397971,0.41364475560374986,17.317201962659436,12.764260806079744,1.4775640123862084,0.29552080475831144,0.627011099413309,13,4,0.7831709988819875,0.67403233888771,0.9711193407095191,1.0,0.0894491407505793,-0.06420020088980823,0.5449000681615516,8,INTERMEDIATE
0.22591728815515313,0.468817488514697,0.37888662389340966,0.09570849528310027,30.400670203298436,33.56072959795202,2.426962377671505,0.7532948123631021,0.23475163856644327,30,5,0.21058684795619032,0.09117344552501541,0.33979945890184177,0.2685985638155545,0.13175034088313806,0.07135351503220695,0.28534034852268336,8,BEGINNER
0.6941751304147364,0.8006667412061674,0.6932509209512617,0.46706554150205704,18.20140437637564,17.018960656337175,1.692553763516048,0.19276907634609636,0.6918568929101541,11,7,0.7916884836823206,0.6055985056343962,0.825891520481794,0.7476037285560815,0.043661832206346944,-0.01892935234058558,0.767357419223146,8,INTERMEDIATE
0.6740841626419716,0.8420711403119943,0.6675685092920628,0.5348289350728684,30.287348290980198,27.45836979436812,1.626194854231155,0.24033703832090328,0.6012463231777929,31,7,0.5159084796847032,0.38668394707545717,0.6159824330545053,0.5405247198866504,0.06948444561135433,0.06116784147385863,0.7189505299120071,8,FOUNDATION
0.8791642832380541,1.0,1.0,0.7619497878754828,8.451423759191025,9.030362888671203,1.3573898781256133,0.09203592761157774,0.9428448316610338,21,4,0.7508474888159659,0.6503129073269784,0.9627812144155363,0.7024005034686965,0.03600576281462246,-0.026024439386978914,1.0,8,ADVANCED
0.52649747139436,0.7850809292066894,0.6911665553747228,0.47330958224511616,19.653147657991,20.692495707889243,1.5540085293878023,0.3278729088528703,0.7989594693478257,17,8,0.4218684595164845,0.2609404390324826,0.43909967181658804,0.3482081711861516,0.12300417333981375,0.0491855709911975,0.7076508394258235,8,FOUNDATION
0.871435354335933,0.9989581367634138,0.9309189322301292,0.6208949364058653,11.418305103250136,13.49824465141366,1.2308785940105824,0.319232283342682,0.9799698222235527,29,5,0.5679863927892824,0.3813600395828169,0.6335448734120342,0.4203267625523369,0.00664431464954886,0.08142860410309988,1.0,8,INTERMEDIATE
0.44972261063066454,0.4941799642545015,0.34815843520682355,0.17498248686266427,40.665800802453894,36.931258972564834,3.631811441037023,0.37509600910985125,0.45865451592007356,46,5,0.1543735696349764,0.0,0.2750680175418069,0.20594509792703505,0.05094777675254331,-0.02164316375772676,0.22981398191886745,8,BEGINNER
0.7580585800734512,0.9769089006060142,0.8022697993503294,0.6028424376577821,16.5711557836874,15.488574298647034,1.5268191136370841,0.2683804814161719,0.9257107119293914,20,3,0.7390210404096137,0.4772560024452106,0.8899686240966043,0.6041841093721131,0.09236846984701866,-0.06050108364544983,0.8556563250191065,8,INTERMEDIATE
0.39052990893270456,0.5626554252029188,0.3937357549283389,0.1466650996929417,27.207179183148057,27.02587310047067,2.062267555888223,0.6899801166692577,0.2998065574917984,23,9,0.3082692405052254,0.20815851928495518,0.5883904794480209,0.42285084868325296,0.023577370741256026,-0.006499646585173772,0.3339657793083094,8,FOUNDATION
0.7628894455771061,0.8654773099085371,0.7432329653373704,0.6028056293570669,9.365490170592917,10.076691666520762,1.0572753529298373,0.0,0.9670490574168277,37,7,0.7935586790200058,0.6475391805495125,0.8878539700704354,0.7925496931790843,0.04099685379805794,0.0466990398709332,0.6814653821488721,8,ADVANCED
0.3865458204400349,0.5895605372476923,0.3713601374298438,0.21869563888029697,20.88739396938542,19.60966073100031,1.51871529415496,0.3092206277641028,0.3825384993158051,38,8,0.49209384686085905,0.3599981408341372,0.6113430443589263,0.570302245516717,0.023691955863265217,-0.03089747230675752,0.3567734334404309,8,FOUNDATION
0.6194458204241253,0.7573500362769777,0.6167189074035273,0.42624941874099553,12.153706675140688,14.074817688436474,1.4678249099953569,0.402464900542383,0.5768343107372338,31,6,0.338091829656425,0.28906146704584096,0.6157089351319612,0.3655615856087949,0.030667698934879504,-0.033559742893449304,0.7119287415557034,8,FOUNDATION
0.5950022888426052,0.7034905075094594,0.6653210246982331,0.44637841066758593,20.26357000927957,21.770576241247813,2.002063820965334,0.5055425706793348,0.5977918365512771,47,4,0.29787812523070645,0.12866580769132083,0.42329729946974737,0.2883270560528057,0.12544648125235075,0.028384576742978063,0.5074800630904378,8,FOUNDATION
0.7758662084846552,0.9424626721520606,0.803493336922195,0.5853507809109628,20.6114453297637,18.505196569057638,1.2553898034765136,0.3187999191664863,0.7727665260614666,11,5,0.7401962915959066,0.5784469357232175,0.8678702014402575,0.6738677447051371,0.13163975597421285,-0.0635986235896276,0.7677303442362977,8,INTERMEDIATE
0.7134858544822631,0.7830879267331148,0.5732070650311875,0.3784274364235115,16.158670259603575,15.071179786130507,1.5657240252187972,0.19001977209686918,0.565602333535238,32,8,0.6178460447399993,0.38451776508731367,0.7901173524418208,0.4985476160768696,0.08173099264286028,0.09034037643664826,0.4451331909836638,8,INTERMEDIATE
0.8085164999364861,0.9656260929570151,0.878728670010533,0.6022623939219185,20.11366179948463,19.78514133672535,1.4933355104802963,0.19725212365897732,1.0,23,9,0.6081356149380085,0.3593386527838073,0.8182356766469593,0.620230096531762,0.059022082588293924,0.023770456446233292,0.860088190449274,8,INTERMEDIATE
0.7771925481615857,0.9499419986857849,0.7655908166051671,0.5991381099400304,7.5000075031425215,12.600908464820263,1.1688216509779736,0.05769783028288359,0.8233422633053189,49,8,0.8100360379856857,0.8281777339650219,1.0,0.8671297908367388,0.12135278134000461,-0.028269810506646117,0.9533171557887402,8,ADVANCED
0.6658670066667388,0.8894180323778433,0.6383987250947657,0.3550863356183333,16.359383650800492,14.948156303836232,1.8341630360252326,0.05846258298747675,0.6386521195695443,45,3,0.750922754544019,0.6656129469981374,0.9514673522362551,0.7904048808073554,0.02275599232558476,0.09546200099137504,0.6939366589581248,8,INTERMEDIATE
0.7114051069557497,0.87865290616326,0.6862921209201488,0.51475598986293,16.842002183990576,16.939964571706778,1.646943818077951,0.24405786690432407,0.7816314506850733,48,9,0.6250688343119263,0.5505171252712496,0.8627624469854894,0.6751219409929266,0.11677025098727775,0.011380365009538436,0.7392801119950655,8,INTERMEDIATE
0.1357020982567773,0.340421722619968,0.2173747758299926,0.0,35.42004654096352,36.788591808419405,3.2268358694487262,0.8653210157159672,0.1466132271753065,49,6,0.26782492293717414,0.029986057997459473,0.4679683596309633,0.3942816598545138,0.00671585587771426,0.002343990999877671,0.17550164962917858,8,BEGINNER
0.6127535973510537,0.8058859098699461,0.6728786353804677,0.5073550122307763,15.970754612734964,17.21761874043417,1.2620466887000081,0.10855764592341828,0.6199186638685474,30,6,0.6013410178317825,0.5046516824409808,0.8614534343058744,0.6555562075578901,0.11195590121885307,0.06335784445500932,0.47121095082455944,8,INTERMEDIATE
0.7917087493951105,0.9849448092391699,0.8630607686164479,0.645265707475544,14.013995299585446,13.516021801344849,1.861874845934808,0.19718282960435235,1.0,21,7,0.48823442892282376,0.4006800333630827,0.7253636000254485,0.5685184697436567,0.029678197451649662,0.133704678457162,0.9114068377962169,8,INTERMEDIATE
0.7956742454837663,0.8072307408118152,0.704345780750206,0.47563798371177946,15.476303487170693,20.534022551461387,1.6732846745857444,0.1800646627536794,0.5229751896233862,15,7,0.6353539064592193,0.5346475259581567,0.7918553788269699,0.7713156846612353,0.08391031738473613,0.08808804566701117,0.8424009162778892,8,INTERMEDIATE
0.30567293423639225,0.48993857773172395,0.23343852189954367,0.09901655159302886,35.438828008346285,35.56489939043706,2.357299931647388,0.6937280381586811,0.21397922302211747,35,3,0.27140557813389266,0.11855953382574799,0.3330933886566651,0.14097408487091606,0.07755725320351999,-0.028821276986579925,0.36754771183812407,8,BEGINNER
0.8639332028716794,0.8899952961108005,0.6906378858977537,0.5070893193226761,14.807850522432798,20.928319741260918,1.773589293363468,0.11230317175020332,0.7159828837800144,23,5,0.5819822247631453,0.41668396736867086,0.7111478760845541,0.538360723458639,0.003037406968513817,0.031135803130048233,0.7008383777783391,8,INTERMEDIATE
0.9163661120045759,1.0,0.8695981502457185,0.5746551742783879,8.78642383399383,12.14548543422489,1.7841205407789318,0.3071689638739472,0.8857137943230384,16,4,0.6345172122301455,0.5562933141680806,0.77960268471243,0.7908241320135455,0.11872989280003379,0.011935728316942748,0.9406513225303219,8,INTERMEDIATE
0.2432866597846256,0.41406734889339347,0.3137646924924131,0.11194747907121819,30.76561334952473,31.284608473236112,2.062746292042749,0.4087943420674959,0.5097540770693536,26,7,0.3003875864808712,0.06989675667463191,0.3925531470264405,0.4174703817980639,0.04402919312519244,0.1078050794846767,0.2638403935204782,8,BEGINNER
0.4882579475469515,0.5486328586555572,0.543173687982714,0.2930273722604225,17.16384419265335,16.484034685953638,1.7168880423009794,0.30961673649942045,0.5549642114640091,19,4,0.6405199764798047,0.4611207013055403,0.7346629783163092,0.6343651617262953,0.14554405991231284,-0.043660638695669884,0.4331813198586636,8,FOUNDATION
0.4803900624578447,0.5083946034488666,0.4137150397455088,0.27357133521442767,26.2476163818884,25.75383216315279,2.2838663249775952,0.5012694019756556,0.4771276108899083,23,8,0.26847445184465896,0.08389526433522845,0.4118777678453233,0.26558109935006174,0.00252499797908422,0.06970013941844234,0.593551394792906,8,FOUNDATION
0.4225739883890446,0.5884278015968702,0.4716201753242411,0.2566662634180542,23.0297311193695,26.593181482200997,1.7398149917065229,0.5347213966939054,0.7223336161655156,30,9,0.25837612547841293,0.23225325818683806,0.5138818403894526,0.16404529778450216,0.025887869107390816,-0.005983723910181767,0.2733328497163048,8,FOUNDATION
0.5682485501845197,0.6806983979635356,0.6062086107831377,0.41092685896535197,31.150841198786324,29.255651864496418,2.409096564779689,0.3665332328124816,0.7387086684380795,32,5,0.3497007290086348,0.16832419592540646,0.48325349653051414,0.22716166009424654,0.10049237715046201,0.08376235064609863,0.5733607396856892,8,FOUNDATION
0.6894784303454888,0.8005161010531954,0.7673637005038101,0.5743674552184626,13.934394885282423,11.81713533750218,1.3051192075822562,0.2633008666366355,0.8351893472892309,38,7,0.6440150688273022,0.49252060017523114,0.8372529622227486,0.6728550120662347,0.10388660690953584,0.03319095428396705,0.7496347703699974,8,INTERMEDIATE
0.9308724886045784,1.0,0.9128497592708937,0.6160899146193443,7.630198153919137,5.702114211946989,1.0288367809549674,0.0,0.7831193760650242,23,6,0.9842720523125911,0.7533260393917477,1.0,0.8984782387113032,0.012330238422290052,0.04275878349344122,0.8096710938351759,8,ADVANCED
0.37111236989007923,0.6258986747711024,0.4662124719867523,0.2779622280300382,15.603631212004275,15.232865461232247,1.7684693471910262,0.3409998430158072,0.43282232124638687,27,5,0.5183625845845019,0.35252527227416663,0.6698457841293731,0.6038462851569696,0.10709331348630774,-0.042596113023672624,0.6158347413101928,8,FOUNDATION
0.20274432422445168,0.41135155403727275,0.20172791810498764,0.12790709874541495,27.282585443095556,28.07684906194542,2.313449483573705,0.5056258507742141,0.15200731120173733,17,8,0.23501963912253623,0.07673838599174135,0.4302316916071883,0.42541621660117646,0.06586736614239593,0.06271846601747107,0.15469377356779093,8,BEGINNER
0.9511399123272064,1.0,1.0,0.8085330073690208,5.11731967132436,9.736763490144526,1.0518170247160759,0.1186707222918678,0.9975232380895016,30,9,0.8944869207550756,0.7111943511432912,0.9917668745439296,0.8589038697864637,0.14455307489349764,0.012345813349517228,0.9684142124159211,8,ADVANCED
0.7367430424633953,0.9673411101710763,0.85336079442785,0.5599925866972439,14.289138067266261,15.725651075392255,1.6624155002473333,0.07288801538517282,0.8032808435868837,11,6,0.7769066291904443,0.6239536581921536,0.9966461130029751,0.8558896056717177,0.05615055944402943,0.046735197481809904,0.7140093041826824,8,INTERMEDIATE
0.3755641584002924,0.6102870611058615,0.32253506391100684,0.23619089222773992,23.327536972315798,20.207480313325053,2.2919393592352937,0.5693190576971603,0.4772219938321557,48,4,0.5176960623377354,0.31436113577807534,0.4524831369324682,0.44158409300033064,0.07888394528684997,-0.07257934171452933,0.4284875832933976,8,FOUNDATION
0.24078517960009935,0.3388685662073686,0.3311621045184103,0.0,42.49783578052185,38.947478641702155,3.464086323202775,0.7147163947740357,0.2286569259689265,29,3,0.05728994957758749,0.0,0.13632287614557898,0.2151681855419293,0.0972635897657368,-0.0047248986907488764,0.26022750508486103,8,BEGINNER
0.47553887851836907,0.6465535758136038,0.4859650037529998,0.43954941477360776,30.189477823010943,27.96910482241765,1.7061358685052659,0.36298690938649525,0.3945145061912576,46,8,0.644201422982501,0.35419258908502904,0.7753801023207906,0.7339666672870072,0.06348887141487437,-0.05722998634528116,0.5916856195429581,8,FOUNDATION
0.1733065315904464,0.32773717044856127,0.25100679996263414,0.0,31.357563709093142,35.566708849636754,3.673185930331124,0.49936799112343844,0.15993147983560865,41,7,0.3115484211558306,0.1260834725753346,0.535540395853716,0.22716250745745534,0.1277326675574051,0.031711020679978,0.34484925279434997,8,BEGINNER
0.4015526973331004,0.5221763511424674,0.27294433934519,0.16887704100179365,32.647727316070586,31.35675568239367,3.382004424691355,0.5480597988808319,0.3177643847063742,24,7,0.3341723923507479,0.1886888571114944,0.5673646108172598,0.39855704825039695,0.007888029032156562,0.057352941391206155,0.2705327056882057,8,BEGINNER
1.0,1.0,0.9715634833975545,0.6898495849452535,9.341810771682024,10.971952543540935,1.1519142040537598,0.14436325060710345,0.95300690567032,37,7,0.7957321583705255,0.7600087126848802,1.0,0.9695350892297266,0.00933758849121814,0.19144552390041067,1.0,8,ADVANCED
0.2647506104384622,0.4227729430793632,0.2968390779438183,0.07697545944341724,38.63080678713709,36.75393855485659,3.5902273314275734,0.6736349838737493,0.34186547504929354,22,5,0.11012675290689902,0.0,0.0949068246579487,0.03674801654821337,0.08826657414607847,0.08468765779329802,0.13268406501579438,8,BEGINNER
0.926577080858746,1.0,0.9610872329769526,0.7602893790168849,9.136146685773824,5.804135825134641,1.1891234684733816,0.12390633844396443,1.0,38,3,0.8800864605186981,0.792071007158115,1.0,0.8601909621436002,0.08773672504077266,0.05839218473340557,0.9748824239263509,8,ADVANCED
0.6153655267192687,0.8095143178868294,0.6135330142609567,0.5614848590849963,14.444019634144258,12.107346324632568,1.4145229018149525,0.10537463384832321,0.7283582648136857,15,7,0.6713808730792988,0.5357609151122241,0.8463740122624048,0.7131965765036216,0.11174477976913398,0.09199770207143154,0.7376608165536801,8,INTERMEDIATE
0.7734795471225177,0.9190586500728531,0.7384291119146633,0.6069172480817115,10.033883848711067,13.224838765555734,1.063489905570252,0.19244927783810006,0.9150977153172566,42,5,0.5639716757373516,0.5142340063419544,0.7265230043462805,0.7001806600965814,0.002391852967996627,0.034489223932911095,0.7712156542598788,8,INTERMEDIATE
0.6815827448094353,0.80249866616037,0.6608529417716303,0.4733988137125714,16.941517867011115,12.689738421644153,1.446458292616335,0.03345210704565506,0.6620381033004386,19,7,0.6461493672196514,0.5087103628538786,0.8346300054344145,0.7437778744476664,0.09927439345171553,0.010399936486929006,0.5748265221735035,8,INTERMEDIATE
0.9272484056384533,1.0,0.9618535689288101,0.7733886068727259,6.540738096105468,5.98914575464863,1.0,0.016143365296768047,0.858020999672745,39,8,0.8389782131239228,0.7035225125163836,0.9589985889373682,0.763479319162403,0.009483650887595046,-0.017355137683353315,0.9960561420739863,8,ADVANCED
0.46100518122251377,0.5775237673087428,0.38093207497573073,0.28713474523697846,17.733586967580667,17.398917784405057,1.7119633474285019,0.31332105731146814,0.3901108685272788,14,9,0.3299636616650308,0.15614084321251484,0.4735999945610977,0.24497670736811225,0.14583320564505084,0.018758484293667645,0.43215540799373187,8,FOUNDATION
0.20197259754037164,0.37193052375993507,0.18692250352447165,0.0070447284500402,35.074969762454195,38.437813958590745,3.51408095275839,0.7878240264817679,0.25338984767356165,37,9,0.24639801948521994,0.15063685068249036,0.37697815555614633,0.31392192554870146,0.014924912138492352,0.008592432535588283,0.2514001760874366,8,BEGINNER
0.6666782686197364,0.8154087713022189,0.6198845714832292,0.5633467412486368,16.3996766783065,19.18714324247123,1.7195174545737213,0.2222252311532827,0.44134505999328527,36,7,0.5685869272471238,0.38970300958554127,0.7410346979041119,0.5880898452383203,0.06740040891531511,-0.08192232624410864,0.5517367733770826,8,FOUNDATION
0.8975376397825559,1.0,0.9799683422501694,0.7741765270613489,10.975627134231607,11.912496326938028,1.0,0.05959242887049518,0.8629398033594448,44,8,1.0,0.7501694882335087,1.0,0.6814795474566882,0.05083228293730113,0.06170277259246845,0.9241811242277375,8,ADVANCED
0.6863116979117769,0.7017332816526548,0.6323692100804601,0.4040310741971124,20.242479043012438,21.524877504907664,1.6383301649659694,0.19966513411634462,0.712456007352335,15,7,0.585972217260327,0.4100007263795086,0.7321177259254135,0.5000475087380546,0.1399417552986216,0.0004555866413805641,0.642566716220053,8,INTERMEDIATE
0.3307815741318661,0.45498643330139177,0.33408560130297504,0.12472354877316444,22.165573953598702,18.63444012429613,2.968282147310291,0.8564670233344589,0.15157080835188627,15,5,0.29901730399079696,0.1464228600622104,0.4389920473906653,0.48997463741447445,0.015455569646265072,-0.011240560226794462,0.3140005983281177,8,BEGINNER
0.8424658064929467,0.9555934066146732,0.8013755094956095,0.6369375378189067,14.445887841813036,15.333543616547992,1.1700802801914671,0.2544922051910009,0.6832825348892076,11,8,0.6332471726167799,0.5145082853746046,0.7328746334708726,0.5923433791376304,0.11295864148723642,0.04154230025848733,0.8175336757195375,8,INTERMEDIATE
0.7510286777571589,1.0,0.7952875668936449,0.5835183648929744,12.833418247594286,16.645344988435276,1.7463707764449716,0.08098585173527828,0.8525011397743181,29,7,0.711579058440928,0.5647289878661101,0.8427498432632815,0.864276306580197,0.11552392846292288,0.0013612102767623438,0.8513432303806001,8,INTERMEDIATE
0.3306493397418892,0.5947308529252964,0.4498431387823887,0.20171739836100436,32.262354794723755,32.264971507319444,3.6418733182440497,0.8094011600298461,0.4839237795468966,19,5,0.2913901520874806,0.08136825246424159,0.44458106652013657,0.28968453602610894,0.09168129792233137,-0.012193600555417638,0.4853657639234307,8,BEGINNER
0.7932886920565353,0.9122511254416676,0.7275378025936526,0.5918308602569964,9.932141958690407,12.526552654573727,1.3667202011558077,0.15197677905814017,0.817975750811277,49,7,0.7495177517106328,0.47995485200639915,0.855619968871064,0.6561129222560886,0.06137840620796981,-0.012952984525727042,0.7107704199543173,8,INTERMEDIATE
0.6620057655258642,0.7919479320716178,0.69191591349152,0.5041943362646646,14.29060505230183,10.897646320136776,1.3340225406908834,0.11090034638724008,0.6643192738546263,30,6,0.7486120288458218,0.5031356121527617,0.8400589629644282,0.7325788892692442,0.021579861421026574,-0.015218016211044082,0.7045097659169307,8,INTERMEDIATE
0.6974055655411482,0.8209864243731821,0.7038099202250686,0.5321271744991908,21.35400204315007,18.933651592894808,1.2592378690370416,0.2062835909480238,0.877139097806519,39,8,0.6505086433422029,0.46809724359689875,0.7910624807920652,0.5374618604943812,0.11641949589215979,-0.0477543032887503,0.5411706757093409,8,INTERMEDIATE
0.2700217827878214,0.32843624839133245,0.34620856617484724,0.08929926459493859,16.41492423501528,21.01430869397473,3.718746869560664,0.8608536893148885,0.18935561787009103,25,9,0.19339362960436846,0.027967543102637778,0.2760607078126234,0.27526026836435025,0.063635586794291,0.07816410663971043,0.24976437139172245,8,BEGINNER
0.44406638446870256,0.5887667155350673,0.38307398112647956,0.1935105096051627,23.699973251633125,20.65625681209724,2.2483216272969226,0.30407791795569417,0.32692875100481755,38,6,0.40481147520427235,0.291468665792096,0.5127853005862936,0.4216162056818618,0.08415731030500556,0.004169827854846302,0.5350657674144462,8,FOUNDATION
0.7642768000222006,0.9318495100992028,0.6689358527739424,0.6194829189951292,15.284996571378931,17.634166796630495,1.3515183467389877,0.18629938182475084,0.9289491874530823,34,9,0.6553288030005551,0.517120168913532,0.8885154385411919,0.6887604632830491,0.120635068354834,-0.06475088964876538,0.7797760682334107,8,INTERMEDIATE
0.7128058660602695,0.8719414652035379,0.633974413013749,0.5076285758151597,20.03948713062289,15.413934643265543,1.91356754156364,0.06503156962693378,0.5822321265156373,41,8,0.7480679674042165,0.5351698241978146,0.9049849500991892,0.6647024880881242,0.04198944324846651,-0.05444611280352883,0.7209427611281325,8,INTERMEDIATE
0.711554988660315,0.8590020028124861,0.7104926483760468,0.48408915611582476,20.98033932421245,18.684185668946498,1.7676043455203998,0.12425990937588645,0.7390899698430541,19,8,0.567467963827788,0.4921680521411791,0.6467045556470262,0.6079492957433519,0.11578593651001337,-0.00266767250502941,0.9263315573963251,8,INTERMEDIATE
0.6723859220491313,0.8061929745633012,0.7343530487076414,0.39315586446214035,20.696659328958997,19.476085419615796,1.7184114272466628,0.3255043705838996,0.6495289529752649,14,6,0.644956766354746,0.5518125096531866,0.8262844864544693,0.6906709843017064,0.011485296273017436,-0.00983118469917246,0.6635817276768629,8,INTERMEDIATE
0.5518700041743225,0.6573873569568787,0.5220386647753307,0.3294028779446967,28.4336017223001,26.303960220219118,1.746022174374876,0.21229256381271902,0.7160308606822697,47,6,0.5202443232320041,0.35400439234255304,0.6176770875494996,0.4341050631516764,0.01609779907110226,0.02199533472598806,0.41908550823092305,8,FOUNDATION
0.4919606043222525,0.5279853671082064,0.47009126670581647,0.3051223493991331,17.024740830186754,16.71677657116142,1.5576550405488296,0.38928666057036915,0.4132787959472207,28,7,0.603438125800461,0.42883981790514714,0.7421620525694569,0.5260115061023891,0.07125251354901282,0.07491179017617133,0.3495528754064329,8,FOUNDATION
0.1516048610047769,0.3742074530674543,0.23977387192130808,0.0,30.115023453768675,34.99193583031755,3.1911414641920026,0.3340694923928965,0.4150315898430706,34,6,0.29676621638666834,0.11776401432634728,0.4370777342952713,0.20697082636552108,0.10226039280984162,0.11717920436887817,0.21244254816896702,8,BEGINNER
0.3778851159396721,0.5142901807804725,0.3701737720152481,0.2395461668159733,27.94081298678381,28.77297588916842,3.295573104043359,0.5029596541188553,0.47110663967694644,17,6,0.1126707271179521,0.0029508579421978383,0.29172814677466913,0.13034365040959522,0.09647421767450125,0.071359739412143,0.29913952071078614,8,BEGINNER
0.8498525590930908,1.0,0.855705408599387,0.7837587058319777,9.302784967892265,6.366647930995918,1.2086833754892239,0.13079163695726712,1.0,29,8,0.8433884721549098,0.8647461179446175,1.0,0.868079965292503,0.11009046820999262,0.01243504801151463,0.9880615372459636,8,ADVANCED
0.35338405463128225,0.5517517241897023,0.4299007136525661,0.2720056715212877,30.83980704478314,29.69373985174121,2.1837307832044894,0.4900693296560832,0.303416869002891,28,8,0.516856807894004,0.3636892003960628,0.6450910457923895,0.27583091870800314,0.015842556789260397,0.021029508861733957,0.32483475693895403,8,FOUNDATION
0.6035623752497428,0.663792108702726,0.5804457439104536,0.367901581774486,19.363251397153654,19.55716761400341,1.8288011916732114,0.42196570232671027,0.6565937843187755,36,3,0.44819304248103975,0.317988973306692,0.5826769182485009,0.44984262423806337,0.07127207702353237,-0.05436448966037144,0.37814075832887306,8,FOUNDATION
0.28967708959801264,0.2609398790450807,0.21310397533449824,0.0,21.554679577637874,25.93364621400399,2.816451057978314,0.8585459389403536,0.2987527166544746,39,6,0.2674783934456322,0.20870872991786532,0.371954635843774,0.05129811378895416,0.0024458852679757224,-0.08490937316356008,0.204801403634813,8,BEGINNER
0.604355119598671,0.7746077622388594,0.7346777005848716,0.4894278400421823,10.410085081972243,13.033475631080593,1.8161649411763692,0.061003294231370186,0.6841937849745414,46,3,0.6796990202295844,0.5740019125786202,0.8526391470160843,0.6758400197185312,0.14855762665473285,-0.02332852772127483,0.6976027331720274,8,INTERMEDIATE
0.477254618408063,0.6761447341927429,0.5977808602605842,0.4002270601027607,22.391702841713986,23.795561273499445,2.068300593503388,0.24872331675232776,0.6640844001922882,38,3,0.4563239011463937,0.3252068800087512,0.6083911200330738,0.4722054408741882,0.10538221208306654,0.011309257476531455,0.4492900209444512,8,FOUNDATION
0.6685054478906357,0.7997300627719081,0.6802356663727209,0.43667826699414386,16.72786639281323,15.6772231178868,1.5374073127555752,0.41874208288556963,0.7646129179231952,48,8,0.43965365646541643,0.2783194685099861,0.46718107014293037,0.43923094130213747,0.05269733178797633,-0.044572778224348214,0.5281528343169313,8,FOUNDATION
0.29220631497652527,0.4380173948756484,0.27144808061136066,0.07211839245604094,30.612503131180745,26.950959165598125,3.925220424494064,0.468498992084681,0.2741634686999552,36,6,0.2134747754491811,0.10397934922092564,0.5260451287202365,0.1557448376450244,0.061635308848288196,-0.03267345170366384,0.24926421086434442,8,BEGINNER
0.4455824882019148,0.5769790598954292,0.3106610336932231,0.1477255777761755,22.105560303418976,23.741542243766055,3.385860079525056,0.5386482625763056,0.4232679279748636,16,7,0.12664486420980137,0.057072692482762526,0.24373919672284572,0.18688732499492128,0.046706450535798576,0.08123193656075876,0.36535443770175635,8,BEGINNER
0.8718769509728554,0.9184119339978986,0.8134294469418931,0.5680590021157969,11.22318293044673,11.80492536030848,1.5238427998988597,0.24495407296372354,0.8358134001098635,19,4,0.5791777969561619,0.46751926507915476,0.8185997491157128,0.7720675310269474,0.13644206953243682,-0.01629590429968893,0.803489948743402,8,INTERMEDIATE
0.6584433914277579,0.7576347180775268,0.6694283089275318,0.4278962235970415,21.702150055304013,20.296798056320004,1.2504675484398902,0.3204160494814329,0.5304668437773609,14,6,0.7943550953333663,0.6118164060373527,0.9255990814214301,0.6877777121105683,0.03523593916968579,-0.015927135338952018,0.8262103431376815,8,INTERMEDIATE
0.2808819553235794,0.4361960110002833,0.31349464050870773,0.10072355421421487,20.550012857710904,23.132645836896362,3.29662542120047,0.5477565725407024,0.38295658775132113,44,3,0.1895229451474859,0.0,0.30507960305234005,0.0,0.05336410724914539,-0.0010551386080915916,0.35284309711057943,8,BEGINNER
0.9439116715631676,1.0,0.9923354228076993,0.7443263522079191,6.046906159050588,5.381908448549026,1.0269492854362028,0.1195508966246831,0.8630554381122283,12,3,0.863235615340503,0.611583460468474,0.9800593279953008,0.8456402292990682,0.1436237336806427,0.04718270641403034,1.0,8,ADVANCED
0.28582370644966704,0.3158217237330085,0.18600107973691243,0.0,28.959179520297763,26.405419035094507,3.6843929881116124,0.5818360729274027,0.3145806079561357,47,7,0.14723219892370565,0.07034471677860558,0.3049656711053475,0.0,0.008550989197453856,0.03734801484422406,0.24251652447457567,8,BEGINNER
0.23059256875686443,0.3291435009188683,0.23532063716126164,0.04487663551291743,27.461516213730288,27.343541422432352,3.0338843599661054,0.5835495983744606,0.3241181092343303,45,3,0.29088495703620243,0.1700097131173696,0.37606091472356795,0.43064595029341113,0.11729914282665904,0.0729068056283711,0.21738825330296624,8,BEGINNER
0.7067497679675662,0.9836021976626436,0.6645423983552264,0.602233262053863,13.729059474170832,13.19981705259124,1.4920490682041558,0.21672880275991005,0.8784832985384036,27,4,0.5991824790598229,0.5526341262224517,0.9226456904737771,0.6745078452983025,0.13273701858179904,-0.010411957403226965,0.6664067306699807,8,INTERMEDIATE
0.8705408515979624,0.9933947547417453,0.7069719379226787,0.6374952635636326,8.278883192032824,6.078134376129423,1.0,0.0,0.832085859535004,39,6,0.9802549548462636,0.7511426488871251,1.0,0.8412196423963151,0.11993404743633433,-0.03857415649854931,0.8036294984480794,8,ADVANCED
0.6824725574661568,0.77703028360936,0.6483899483257606,0.4286203942499866,16.32643481185775,16.226511168867912,1.7758693472193467,0.20953226983784318,0.7389954477910752,35,5,0.7622002647092629,0.6748580099274486,0.872943488426859,0.6975676770709093,0.051311519395660615,0.050620582645768755,0.6571460960589117,8,INTERMEDIATE
0.3349546392929904,0.4527428479268999,0.3521162374110024,0.08294494468795148,37.94812089101659,36.42942146337849,2.343813184822741,0.8192787099512071,0.1998524501344307,48,7,0.2921379955326861,0.1976924061141441,0.47678320071071734,0.34349528003011087,0.10663134413753135,0.1371428504143704,0.3106897809631261,8,BEGINNER
0.7053251777356775,0.8747075035668027,0.7141243780038643,0.46954902692903555,18.106297873246444,19.421965841659148,1.6366070735646774,0.21172095499957047,0.6966656056052606,42,7,0.7333994169017174,0.6213753180494703,0.8605854595018301,0.7342542117570273,0.06202752815678983,0.06739103882062335,0.5978125421251694,8,INTERMEDIATE
0.9508565529962397,1.0,1.0,0.7732934791358651,13.020153448893867,10.289279641365402,1.0253690140580405,0.01676975453810539,1.0,28,7,0.8710110970837581,0.7817490507564382,1.0,0.8468988650753968,0.016656958093784747,0.02337350126286115,0.9908539974214002,8,ADVANCED
0.21300613637387303,0.31800278442872837,0.2796145093318865,0.0,29.98816608340774,29.961595681471092,3.785728513413174,0.4037504727132277,0.11942459486237528,11,6,0.2100405519315639,0.04088216089443771,0.34786538032894565,0.2903924348360739,0.10862886699812324,0.012578529946790717,0.22502808581365763,8,BEGINNER
0.9475606209932947,1.0,0.946298930288834,0.7354173854361831,12.240380786643437,6.709007106061222,1.0,0.0,0.9453719886595736,39,9,0.8754776072068552,0.7602608367336793,1.0,0.9640063903443444,0.04639614982279464,-0.026754141821377354,1.0,8,ADVANCED
0.23670719865080075,0.376576833786628,0.15128844079429735,0.0,25.171447998710658,24.71365629641882,3.4259432304427975,0.6799880306779595,0.33167952243662313,42,8,0.2883804401096704,0.06352742596798441,0.48718562763620304,0.2486056631669747,0.03041538140532587,0.0350965842559352,0.29435240184972294,8,BEGINNER
0.777133513273887,1.0,0.774241165379745,0.6718422476987832,13.099736663458437,13.141677903989546,1.0,0.058750671100736375,0.8820802674550539,46,5,0.712847251804124,0.6537895491676883,0.9406293642724813,0.6181600495626117,0.08409643877189792,0.05757816127010855,0.8948404011894008,8,ADVANCED
0.7070063945348251,0.8488810121069922,0.7954347544531786,0.5392688254602881,19.12853582435375,16.48111307395803,1.588722218911742,0.2683824759716649,0.7225791657198338,37,5,0.741335085767988,0.5954165930289788,0.9295697339597204,0.8022734555587148,0.055210455782594814,-0.00940765626602844,0.7891106536619302,8,INTERMEDIATE
0.8557912293596636,0.9476976300494184,0.8015559440083894,0.7073408392449008,13.479527127360557,11.658924617224992,1.125807267757822,0.02811866859311324,0.9376403421017053,16,4,0.9038916134673315,0.627874350671574,1.0,0.8607555619308717,0.01453626520167166,0.06853168363057216,0.7291297400390524,8,ADVANCED
0.24680534526431097,0.5183444102540189,0.24618077181639508,0.027783864796858355,22.707143687993533,25.276083503389383,1.9692470379723275,0.4479631179561054,0.412879340061358,36,6,0.1361764835646832,0.0,0.2385678660968217,0.095769468477166,0.09436697152206455,-0.03677161545152843,0.32320087321990254,8,BEGINNER
0.689692587749834,0.7676079574998645,0.6260167833961736,0.49503704111167474,10.270840448110272,9.8274535494945,1.7737099430384418,0.12376255266039259,0.5555709434759879,28,8,0.6126304343863095,0.4951806254156883,0.8233631316629255,0.7694062780278219,0.028129207191984126,0.02707394764673368,0.6271971420811354,8,INTERMEDIATE
0.5943477580822136,0.678120202611993,0.47263402719032177,0.338147227662433,24.195958008355984,26.40211715722736,1.8647198968623293,0.3388834296283269,0.47579254874067656,20,5,0.4890534244123489,0.24228674456718924,0.6188232318049081,0.4821370731087484,0.1168646909689755,-0.014202301518952087,0.3638999855956143,8,FOUNDATION
0.4673007639022157,0.7274303954337968,0.5097252528422945,0.3348943023197386,26.240775561590738,26.551815985091107,2.0422618562938317,0.30492150564144505,0.5277465303063632,41,9,0.5424364932141226,0.3922048822625263,0.751047471600648,0.62529240619226,0.1389818312153441,0.028602946118312943,0.4194534250170433,8,FOUNDATION
0.21163795992412723,0.3870535573915284,0.20398388791627103,0.025918295950516018,22.233718226186554,22.963832524361962,3.3554033549510995,0.3828949541221112,0.3846796212146373,35,9,0.1780799403019635,0.0,0.34050194390400795,0.2535073523466162,0.008759433608873084,0.08674733641918217,0.07061192872963915,8,BEGINNER
0.763008742553043,0.830962532476648,0.7256280644509668,0.4493664413644589,20.074468660414066,18.415025355798942,1.168335659633283,0.24614615604179219,0.734978288498045,33,3,0.5311521150236646,0.45230762636886257,0.6927502766326639,0.7923442405725603,0.14507460827040783,0.04830287294160336,0.6924510229916471,8,INTERMEDIATE
0.8153119886980129,0.9236480254079535,0.7565932630221283,0.7065015997995416,8.941507090833909,10.526158254110626,1.712727762222659,0.11865465002283866,0.9899230781545234,27,4,0.6801334344160297,0.506685618040581,0.8648564470559407,0.628002213721877,0.028834800679059584,-0.07558211054595215,0.7448086150499823,8,INTERMEDIATE
0.7571809450802539,0.895872297821503,0.8694849428180869,0.5115105905763982,18.707783165103198,19.176684134553508,1.379302569886705,0.07965168133486884,0.6696607437210997,42,6,0.5519644058690213,0.3736376804740168,0.721118914968709,0.4032498624435188,0.12650416933079842,-0.07397334819730832,0.6221689813476964,8,INTERMEDIATE
0.9202745122443029,1.0,0.7970541528699018,0.8087010016511086,6.468118492561651,6.6856277603288525,1.0896614800395168,0.1363559454929842,1.0,30,9,0.8864943840751958,0.6783341764504943,1.0,0.8180112020657646,0.09414100819980954,0.09677653866859413,0.9255300468346115,8,ADVANCED
0.4527859223699978,0.598568005263812,0.3350954333083728,0.10713150445111157,22.10058430851478,22.622740828759856,2.3801334025418193,0.3613633447890482,0.17568044020928358,48,5,0.4135724007498822,0.2875759351229243,0.5774819267911618,0.285035167755355,0.1008767053946109,-0.07918811047265223,0.33485357650936387,8,FOUNDATION
0.8487079366889517,0.8762321307702553,0.7901066395640763,0.470039724140334,14.148327602649111,17.536222302782544,1.2867584286555258,0.22883088523348533,0.7492434408989708,37,9,0.5438575754785736,0.4711364461816747,0.8005663464577886,0.5610976610984736,0.020826246382197787,-0.02399196530504934,0.7544971585365182,8,INTERMEDIATE
0.788555388523752,0.8753422489531979,0.7880343037742709,0.6157150899403833,13.713739042599785,10.394537513615917,1.1835112500919236,0.07577862703917125,0.6464413066438501,38,3,0.7027066363764597,0.5594723595590143,0.8563788046244012,0.5919757868651009,0.10027697722017327,-0.017361091611024237,0.8107448232822756,8,INTERMEDIATE
0.11740747695990114,0.3692498385446423,0.19895924046077396,0.0,36.42814184319071,35.1003261865494,3.960610715198329,0.6966919769003871,0.13529749891387186,47,6,0.19127556817921842,0.0,0.405770057473164,0.22568880650862227,0.07417731854374776,0.08798591065004481,0.1533445998483562,8,BEGINNER
0.3194004468067878,0.4056479524292413,0.29843423416448106,0.10318774270211933,29.234935511920845,29.850853012422178,3.832420970382996,0.5932699500057137,0.38673740525266365,32,7,0.28969337302392484,0.07106365562823319,0.38811143867767006,0.25007132200445514,0.12051353536472442,-0.09915560905429617,0.2632684107027421,8,BEGINNER
0.6617110825849959,0.8308424123032377,0.7496755761222925,0.5854884266270702,16.039295213577336,15.705458546839186,1.6314451707029596,0.09052881432283395,0.7922434281353425,14,6,0.49065407630352453,0.5197379782842025,0.7542350843961526,0.6146876584837786,0.1449018144191408,-0.055253593712690174,0.7337551091283666,8,INTERMEDIATE
0.6611450579369722,0.8100252966535318,0.6163248797417995,0.43895981122664535,13.894579975516606,16.907860665622582,1.0,0.12412069345203328,0.7586391007204898,30,6,0.7817789458580237,0.5659120482068285,0.820823852821724,0.646638727384821,0.11149732404829069,0.06989771610712749,0.6118414927648637,8,INTERMEDIATE
0.5584610209217887,0.735924017255529,0.5878463715236825,0.4049310777460351,21.205692755344135,20.36519428637497,2.2817088647400485,0.3385756857474012,0.5855426949798148,47,8,0.306174119493179,0.1644928729338782,0.38767000885699554,0.38026823033106866,0.07500934898853122,0.029055614444471495,0.5513157455845162,8,FOUNDATION
0.6739808331087125,0.7214679923951872,0.6030229473404739,0.3352763465659186,23.486294192555413,22.91207563734818,2.114183696835098,0.2976422598547422,0.5555842217366941,21,7,0.3959305637423309,0.18990913670202625,0.6048177454342419,0.38275828128270767,0.11815630963296281,-0.05452464328684467,0.717609114855914,8,FOUNDATION
0.865970482247834,0.918834130265872,0.8425692621450444,0.5776961099635196,18.852923770834348,18.321228175953607,1.3618693865666271,0.2311839597843852,0.8374352055694888,45,7,0.6768930847900388,0.5471779411282089,0.8599375681751598,0.8370500021953442,0.1104584685075067,0.04365982916126131,0.9489510555766085,8,INTERMEDIATE
0.9936267367527815,1.0,0.9329461742484586,0.7796475198873803,12.462646096567621,10.10700112739006,1.0072225945188236,0.0725324490218511,0.9206435735364503,15,4,0.9532027993594805,0.739142998891485,1.0,1.0,0.09270562208426615,0.06274723255280748,1.0,8,ADVANCED
0.9604676847248451,1.0,0.910368540339089,0.6918651826997555,10.686012970003913,11.350437889667752,1.2649093423360727,0.045398775499790184,0.9756395047922083,49,7,1.0,0.7972033586210902,1.0,1.0,0.02409210397038056,-0.006488912601535921,0.7835404616404251,8,ADVANCED
0.5885988067552386,0.7451507655569736,0.6120998935145643,0.48041344186690094,15.432989093780014,19.208818105837267,1.141478335912261,0.14435725195652163,0.5670775806347854,38,5,0.5915070137158367,0.4395937228228023,0.7235655819898147,0.5292731204665696,0.06949889086750399,0.17702114550511186,0.6026903498802559,8,INTERMEDIATE
0.5432380737474279,0.5888398175468434,0.5482835587436127,0.3912262507603545,23.595807305327178,23.38318303938524,2.029724702707148,0.2757059310318283,0.38418733754418644,28,6,0.4979664991728883,0.33925440941729557,0.7406126571615341,0.6039428667133164,0.07423984865088543,-0.005669834038803074,0.5490273592739363,8,FOUNDATION
0.3130693496818269,0.43050103442801607,0.3044766198035846,0.037870796100278936,28.540850364640427,25.00917633812403,3.5614279004348584,0.5289947834777218,0.3759468779270061,40,8,0.2045782822056746,0.0,0.24999589329808278,0.024803389819455665,0.1413219904599293,0.03436339645603962,0.3017402668764033,8,BEGINNER
0.33093064778263864,0.49761378076381957,0.33725011310867226,0.1022080916774144,32.598771969225844,29.71962977221617,2.364806255876512,0.8687133508391823,0.21935168092786328,35,4,0.23447305766146354,0.006495314445088066,0.35025284572601123,0.07303027759717975,0.07522456433040955,0.16120835047013646,0.38014357405160903,8,BEGINNER
0.6343084928415568,0.8326187679029657,0.6953731555936584,0.5640068009733812,14.114441533859877,17.35326815100174,1.3326789602504625,0.2176052987179749,0.5800784164695457,13,5,0.8296352116437873,0.6248804384563196,0.8864440075654788,0.6265322685073881,0.12042995585963191,-0.043151767678853314,0.6506815610219268,8,INTERMEDIATE
0.16484620662314556,0.32115970808657196,0.08944341817679033,0.0,26.916229194685563,28.685571790195628,3.432984742620869,0.7698197252406199,0.2549956064018358,18,7,0.1949386515808345,0.10671826465087761,0.4390261123200194,0.23055918450977356,0.04916791037426352,0.047556330204347796,0.2512972090266089,8,BEGINNER
0.79293165710012,1.0,1.0,0.6154731101304796,16.30920289885097,15.443663465522972,1.0611720170701475,0.08971932731909155,0.786838378521006,10,9,0.5550881345091658,0.44086691411923185,0.7174040365874362,0.6270310723033408,0.12647754399860267,0.013934566430520967,0.9055844873076346,8,INTERMEDIATE
0.14642970788917822,0.24463644174705435,0.13549039655497874,0.0,27.599153009296053,22.837383125533833,2.3950050341721023,0.6071706885139131,0.21297051788479252,46,7,0.08887439954294045,0.0,0.30205305896420487,0.07648111845656938,0.08657022523038863,-0.004017983624567754,0.2243637901812015,8,BEGINNER
0.5652415807414854,0.7508536651005399,0.5245187936852801,0.38109813405942716,16.556311146758503,19.252870117772563,1.7535563109277614,0.12828351674923036,0.40255137284439024,25,5,0.6262453508983776,0.5498797593587154,0.8754414239087357,0.5847055096743579,0.12641481542254515,0.03722224721752901,0.7215351302409637,8,INTERMEDIATE
0.9537994199121955,0.9591351520271693,0.9260185735045965,0.6042965891854224,9.165494027496187,9.824935329343013,1.1063117745743811,0.011212792808936594,0.941194240962389,16,9,0.9596847157941628,0.917068473779431,1.0,0.9441375877702174,0.14377779122721393,-0.00701427639478416,0.8075302449862155,8,ADVANCED
0.08655992913332966,0.3001254429747084,0.12446831244676142,0.0,32.496274327737275,33.518705421268315,3.1902630941489183,0.6168056824389883,0.17190090276300987,28,4,0.16637022056042194,0.0,0.3006972895671556,0.12983099922758812,0.08149400405566128,-0.006870318945190693,0.2006921504140609,8,BEGINNER
1.0,1.0,0.8936126640809182,0.7953280505288549,11.72202276253076,11.798611012380944,1.0,0.08928565516673585,1.0,48,9,0.941005023541563,0.8409521563806313,1.0,0.8325004319165259,0.07609777510194733,0.05674056717552087,1.0,8,ADVANCED
0.08825048953789068,0.31242734952793305,0.09867522313630679,0.0,35.018685899661264,34.26393733450569,2.7263116856684158,0.8534419327267857,0.059017275185345275,32,8,0.4342389258775725,0.052275564786988735,0.4587795681102256,0.34695253217558236,0.0026447113401037057,0.1301654907628879,0.21242158376462394,8,BEGINNER
0.9592487851845783,1.0,0.9593255507900528,0.6813329714982646,4.855703712380215,4.671575390384432,1.0944128482106568,0.08237343612384146,1.0,29,9,0.9820152204580974,0.7443076836819784,0.9881918222415942,0.9585665852641565,0.006766649328059082,0.05973206017868295,0.8525413778017293,8,ADVANCED
0.8204521027881102,1.0,0.8906453965005493,0.7534748050659131,13.883740174156543,12.12471439542213,1.0070295966356089,0.0,0.9920952464945446,43,8,0.9401866800775501,0.7012485906803178,0.952364990943509,0.9477852791690888,0.024088030608468872,0.03061900430117448,0.9783200246625372,8,ADVANCED
0.7634794320182972,0.8849661314570609,0.7193352564692133,0.5325893674142,13.433185920589622,13.07050683115492,1.7607411641202488,0.12520504376904112,0.8220027579873268,37,9,0.6146953203887949,0.5678318937719432,0.763029497727428,0.5499085231306388,0.1268939048134519,0.15353376874315322,0.8279095385824399,8,INTERMEDIATE
0.6752133807312104,0.8575921769640649,0.6288516059084592,0.47180542286051513,13.392809035315123,11.691317891870359,1.6425751941526598,0.21856456715862455,0.7172429044561331,37,5,0.7350730299656092,0.5566340636324597,0.8578402709243648,0.7086582542638015,0.1113855166113684,0.08074420150915172,0.57378433973173,8,INTERMEDIATE
0.7241976476834249,0.8854344427728712,0.7389033882593458,0.5795131665302075,16.627752766263253,12.87418229793432,1.4825966834358209,0.012290167463263016,0.7512332429238122,15,7,0.7563676647760254,0.6280504825586367,0.9301564071260637,0.6188283755821214,0.10861146326856048,-0.053301910072443615,0.9575819918207512,8,INTERMEDIATE
0.7943611030639854,0.9854426348510084,0.6996064495891336,0.5951271253940426,10.1245102806148,12.046746704154186,1.2348594890232012,0.03983868689475596,0.7347179249578334,46,4,0.6438213405802734,0.47895904534010486,0.8203932441031561,0.6286691142600115,0.018727721764992655,-0.1347144624545695,0.7586158079855606,8,INTERMEDIATE
0.20191924023553892,0.2871837510923779,0.30849153497145765,0.02066269527736036,32.51915677941889,33.3434918731816,2.2352057593671053,0.8865330594640656,0.4977656237635091,16,4,0.1965027456967083,0.004168003655679119,0.24871410504502767,0.17779237202567819,0.028814646780202895,0.05917340531044586,0.17568372108993027,8,BEGINNER
0.6377917765798654,0.8467064256938139,0.6768138129703429,0.5473616541996928,17.532677338988496,16.69628670505535,1.1882430918207227,0.14089156567032304,0.6755596117555933,25,5,0.6055265698231689,0.4880825693996447,0.7339537587733969,0.5351241093909647,0.011201914922506445,0.056000676591812584,0.6773954419657264,8,INTERMEDIATE
0.3064567089413653,0.5405814554312677,0.3586722642903611,0.23542148658194734,27.054221496705775,29.40693012577578,1.9608617274364444,0.24594903995787856,0.3634542244106014,35,5,0.432915961373907,0.35226013514703275,0.6503921024270566,0.3240765370035532,0.14989492139452476,0.03793706940541515,0.5235338722520225,8,FOUNDATION
0.8535582450703808,0.9213247425499005,0.896984849391824,0.6780845353877747,10.648489735812552,12.850948731010963,1.8727262385018169,0.2373175064857187,0.7907772265514139,32,8,0.5210242577607036,0.3449096927033902,0.5558632965261029,0.7497306012903838,0.11268452833621231,-0.0261012162588591,0.7540468758293154,8,INTERMEDIATE
0.8361163950949975,1.0,0.9183415020553044,0.7262305360009943,6.735982534496339,6.949620589494336,1.0242934854576982,0.15077240440322287,0.9021148786071865,37,3,0.812431111629876,0.5838825834932694,0.9849050123327173,0.6907038766333289,0.02202857229603034,0.003751027786933689,0.8585715409563173,8,ADVANCED
0.8156001852031565,1.0,0.8539064854855223,0.6798968058691042,3.146706668706081,5.613068354149956,1.0363401072028542,0.09625439640425797,0.773255685766848,29,8,0.8731326509319097,0.7682113534877992,1.0,0.9686435987830759,0.13552968388691888,0.09696782613003468,0.901248252647288,8,ADVANCED
0.6857360979130169,0.8436841427318326,0.7308345414493498,0.4600446245594992,10.211408209926196,11.543844485469847,1.516438047950636,0.21189246794189648,0.6344746776430918,39,4,0.582776223236513,0.363642088453351,0.779859540508021,0.6498386840514717,0.11631217724496352,0.049253510122918606,0.4936628802681502,8,INTERMEDIATE
0.6569914830594039,0.7468198537732693,0.7363436792227442,0.31742218194663696,12.268634914090512,10.555026199323596,1.6175031294428117,0.205470362451877,0.5447612153014324,19,4,0.6262591208866113,0.5211761805524504,0.8703804039142767,0.6053504806904776,0.14273221705151093,-0.034896318153352326,0.6673816334425123,8,INTERMEDIATE
0.5498625888540902,0.6369206595102613,0.4903811169053917,0.3492573763203951,21.964659832660722,19.940201947767402,2.07803531987738,0.4106035816712736,0.5224608933870514,44,7,0.49436924519785047,0.4074936309709839,0.741646650984303,0.47440903290074343,0.1043841977195068,-0.048201658241965706,0.46491395669643,8,FOUNDATION
0.9535078251394038,0.9464405174583648,0.9628415628622949,0.8103607800358498,10.540670725430589,10.554189518122271,1.002505560187859,0.17220124686966642,0.885610748716506,18,7,0.7546400794742598,0.7021775066107644,1.0,0.8988255648075487,0.06999204342031885,0.07609752459576125,0.8290666320042078,8,ADVANCED
0.837639366732182,1.0,0.8701476579536755,0.6763773139816318,7.87468922641713,9.422459494627056,1.0,0.023173792612908736,0.5912039123523003,20,7,0.825624568123897,0.7259205823284479,1.0,0.509309076895839,0.07461170692371392,0.012431854821212882,0.7140843308245453,8,ADVANCED
0.4487482184139159,0.6906702194774065,0.3975318637727331,0.3574375081961835,25.43399676483981,26.284161646547442,1.9438847477725896,0.36889305698895586,0.5190032055084969,16,3,0.5216507819232054,0.3598749449021095,0.588747022170516,0.46818483750816486,0.0782312173790271,-0.04724933343042047,0.5951818660612395,8,FOUNDATION
0.8015987961348457,0.9826503732228609,0.8105216117972108,0.7084753029167171,13.274900338196876,14.764792353683811,1.4005196725218538,0.011053379890159018,0.9493827874072869,13,7,0.6987631993041565,0.7313763321508636,0.9962206767991612,0.7000587162574785,0.1340014429206287,0.01363211659394441,0.7712352095197568,8,INTERMEDIATE
0.5123233337225962,0.6689062415524546,0.483000422612422,0.3212016534147226,23.792212445812194,24.077602360935206,2.1704668549162123,0.45015875176771847,0.555500994866925,40,7,0.320546293748856,0.1573338752493506,0.39762991550399096,0.3141681760213957,0.14936223405892943,0.004670346266080882,0.5461244178873309,8,FOUNDATION
0.3194395349210666,0.593018053531721,0.4458098344923636,0.2811543945103024,32.97677756877369,28.57491784734652,2.2199554367775995,0.28518555269718127,0.46475850367624716,43,4,0.5566164384317486,0.40591792933178217,0.684810309973068,0.44240725341641085,0.0766329012336996,-0.004093215774236155,0.357275619599455,8,FOUNDATION
0.9602731821690885,1.0,0.899509813509196,0.6906311628625711,13.20890983269838,13.73345890372904,1.23147137919575,0.04435144453907503,1.0,31,7,0.9551378829223446,0.7744316817841184,1.0,0.8143157199656528,0.06510000248932157,-0.016935763277119317,0.9351191807425911,8,ADVANCED
0.17140366852146846,0.38709123430447695,0.24399805024684754,0.12893440498520004,23.51088866718014,21.50263186126163,3.468460216054749,0.8879164148789748,0.2425746136686112,20,7,0.17302268566223014,0.03646834833563766,0.3764812630783835,0.16992992535330348,0.019569354212958915,0.009662279828536438,0.06341432665203686,8,BEGINNER
0.782805281457924,0.9325636540984259,0.8059746662161799,0.5950506643967237,17.2123355567021,15.727819749386713,1.5648697880131408,0.06153033888647222,0.8878845874439917,24,7,0.7376326755964905,0.6007678721056464,0.9236002198147243,0.7574925442173936,0.03931408457699305,0.06538059055233843,0.7516226194123542,8,INTERMEDIATE
0.2687996427318001,0.4489470052334984,0.3291282855795655,0.07881930042413526,27.686039594471577,22.542167130262445,3.5463351261912646,0.7324564466481259,0.03688898204246305,30,9,0.1896725377459556,0.1881407953599103,0.48674531655200615,0.3027886321181598,0.06214506177464911,0.03566191245003558,0.6023774535648766,8,BEGINNER
0.323776434387548,0.4957872853244817,0.2355447804322343,0.053171194553255974,25.634154988160326,23.484104556848877,3.608820272352775,0.4613463689510957,0.35782465996746565,44,3,0.2651201755855016,0.12091397674230901,0.4788162176295089,0.26627179053213534,0.07013103934003037,-0.0020737902656454803,0.3783145279067389,8,BEGINNER
0.6941458622286949,0.7903748681751119,0.6178752231753877,0.3742784500811806,26.669961856649913,26.642722803425574,2.322971191152545,0.2837766480168772,0.5382882010883547,23,7,0.4570447324024496,0.3633605303718566,0.571317592234254,0.33024300545965907,0.062171509111135385,0.05788773901040917,0.528219565182017,8,FOUNDATION
0.8690504877029274,1.0,0.8735800200947879,0.7514600589705299,15.018111802422112,9.943441063261366,1.0313364248012034,0.03431604217243807,0.9056255215171697,14,8,0.9395853571240661,0.8144850645188384,1.0,1.0,0.035364226929535954,0.05210605019382919,0.8727541828013025,8,ADVANCED
0.7166833715541068,0.8240549851080707,0.5824607400496643,0.5596708806587952,17.520759204689504,18.178023432343018,1.2625778156824223,0.15967824936767927,0.8684283525602662,39,8,0.482502811367911,0.40864797329449,0.754869903579007,0.6589336206018506,0.06235918489192955,-0.04909813924935022,0.550271529416409,8,INTERMEDIATE
0.33101045531206386,0.4596064450575542,0.22033284935796238,0.12481444931629286,34.496110453118696,34.36364977506546,2.3349973521305527,0.5736310034143826,0.2533167544877887,12,6,0.33211768838012445,0.08798478082387742,0.4314018317076863,0.3310553476110273,0.061433809937513253,0.07497078008964686,0.39135772864630924,8,BEGINNER
0.47367183379230265,0.6289744174826162,0.48196677608917615,0.3453364264688175,16.759799251029026,19.96600469598318,1.743923502191362,0.5619857586102586,0.724696429870777,23,6,0.6585810943738888,0.42327594376384226,0.7019432564579551,0.6048249255264618,0.14445961691445303,0.024461414343737456,0.6984128629222984,8,FOUNDATION
0.3638754688172177,0.438374166144043,0.29981503649650926,0.10234056821203925,25.265361509247754,26.224172505927932,2.558352965355291,0.7850976033706695,0.24899776131643567,16,6,0.16771495751211474,0.030422794383516527,0.29992533367705676,0.13117318541603584,0.034278772156011654,0.0713595780020207,0.30724832714984,8,BEGINNER
0.2287970864846367,0.2261372547631592,0.0753926429128311,0.0,33.78004791462189,32.803045783429255,2.4891556653202547,0.5635027965287712,0.0,28,8,0.10629656901113976,0.05604004841255894,0.2891764101158924,0.049894814682806155,0.1305996716428134,0.004836961116664694,0.16702312141962972,8,BEGINNER
0.9023977696386581,1.0,0.9509461430410351,0.6322718744307496,9.888907152838561,7.0894816417669775,1.2801974122612296,0.028963231901256752,0.8717591963190878,48,3,0.7898202360985788,0.5314137929564744,1.0,0.7331833362634247,0.1006491723042474,-0.04296477759400191,0.9215623484774171,8,ADVANCED
0.09558860374544659,0.3424772544219264,0.14164844719998748,0.0,29.2289690470231,27.354268961324568,2.6395293945849403,0.9095127837102384,0.14015240373261847,39,5,0.14908229555572786,0.0240062573245186,0.3296043949712153,0.09738935160387642,0.04277931394266306,0.06170502859550342,0.15486663591917857,8,BEGINNER
0.32491544570598446,0.464921652748035,0.23683391314936525,0.023287758349240593,32.325099163892446,35.50063689804909,3.685121449238897,0.5985027646018578,0.3188879527784121,30,8,0.15008889139945925,0.05234658436925784,0.3082531424474649,0.05438659743788432,0.05310987926903755,-0.08014742069325964,0.22438104213751084,8,BEGINNER
0.5542381648021706,0.6856826181642922,0.610519603518554,0.38764773922326035,27.47282201087479,30.597120779247344,1.82011501465955,0.49676392829810356,0.5676607035313952,26,8,0.5015624970567492,0.36077728460669856,0.6563028708105213,0.565973589227189,0.04889273159316529,0.021965459937173266,0.6356606580968652,8,FOUNDATION
0.5664201344148125,0.7618634007066228,0.5833460571265082,0.36380315165033406,30.474382247541193,27.850682707527856,2.0071587810107143,0.2924525002722932,0.7002809230836005,20,4,0.3169955467154199,0.19781316435840923,0.43793415843647243,0.3634199123297246,0.14773563737023687,0.02089276507410872,0.8044008347177325,8,FOUNDATION
0.7032890143682627,0.8429174168149844,0.6512551540439528,0.3606520180212467,17.94209575819372,20.542211029039628,2.20281247560475,0.30507140937060295,0.6670622189725676,49,4,0.37577493866622835,0.18804740377879695,0.5184768522493315,0.3921538399130588,0.057765101841077554,0.07162694491505608,0.47568175945217883,8,FOUNDATION
0.44373128395244194,0.5667254315218995,0.49270802729986696,0.17773695495686645,26.56987234467612,28.81128549042775,1.9607084661362757,0.49975811562029876,0.40359860948306864,26,8,0.38372447891054007,0.24337637255376576,0.7348742234241662,0.6256005127390268,0.1284444463198457,0.0661991339560075,0.38717009345523395,8,FOUNDATION
0.6821050107307466,0.8642556885230204,0.708586150154105,0.4540857092000984,13.470428023302334,13.099937642274705,1.2405354346654154,0.1573105737559406,0.7141808168167202,39,5,0.6775375484506072,0.4794575858254164,0.78583545982181,0.45383855904076753,0.13780262669149462,-0.0703631154782867,0.8110615889389465,8,INTERMEDIATE
0.44855972862732274,0.5979200199143413,0.3865288009120844,0.1727378939848736,20.745709309695606,24.507354969594676,2.2504717681171784,0.4393312068739739,0.42582143798439503,31,6,0.47548317313232724,0.24588864695676416,0.6841877550981181,0.62531882687455,0.09142523945858716,0.06234268715899505,0.37582570689167594,8,FOUNDATION
0.14978676035743474,0.2118894102606787,0.15712218364398306,0.0,28.022021499210947,26.496198953812563,3.4845337384377464,0.614196464841559,0.13030796105070416,25,6,0.08038101818247623,0.0,0.29176185438893887,0.08235525342119025,0.14695021956335985,0.010993219779507435,0.08860244765816563,8,BEGINNER
0.8598913299785823,1.0,0.8554889716782147,0.7050192079487719,11.429159016435166,7.573312321285915,1.0851147614201444,0.059573282433001945,0.8434922586157978,13,9,0.8438065891274739,0.6281677093371721,0.8748976731761265,0.6540406493198212,0.11274073024847141,-0.013802554414429357,0.9439007708932061,8,ADVANCED
0.7975991963580898,0.9616822411276983,0.7369654975162963,0.6534903740882041,9.997657774982645,8.17132592906293,1.1897901290140496,0.035195513832486765,0.9840904379943369,35,4,0.7364834304674917,0.5827333131131108,0.8767828714508784,0.8167058197959306,0.1491645268800406,-0.03202336539447831,0.9066201377119689,8,ADVANCED
0.5252344835982985,0.5693557233151378,0.46172010310156036,0.2769349986949499,30.639551763758355,27.889089214363732,1.787630272255639,0.31392449570006864,0.6174613549731708,18,5,0.5461088521671111,0.4337162485036101,0.759984550700094,0.7033530816508133,0.009400820205294879,0.09003886380978257,0.48025154964837535,8,FOUNDATION
0.6124999449463573,0.7297102360791953,0.6791761026321804,0.38511775300111,22.51034402924611,18.313873928304556,1.5804612781131393,0.2003999765026779,0.7376765071685443,37,5,0.871692068595187,0.5561585879388395,0.8742445653976985,0.6962628371808661,0.001953792046938657,0.045181831808893055,0.6578476910218254,8,INTERMEDIATE
0.8024274280317529,0.9116001096243208,0.7383982590518601,0.5827570082358285,11.976716977416585,14.652389545155982,1.7569682436287708,0.278687592274415,0.7615299864076511,30,6,0.7166992061630321,0.6252688486014255,0.8392230239764502,0.743589249299988,0.026794756969032794,0.013071618830129462,0.5903355404561037,8,INTERMEDIATE
1.0,1.0,0.9978299104132546,0.8270612455647666,8.178404659247544,5.8727078953285154,1.1625971728926676,0.13447436028628862,0.8799750044467562,21,9,0.9330676035763958,0.738000528013677,0.9672679526910976,1.0,0.09058924265779648,0.01981257330990742,0.9034332525719918,8,ADVANCED
0.4573195222687011,0.5730354180383143,0.40273063457852887,0.1285874576137229,39.540797906077174,39.337990990353674,3.6222915746544664,0.9164105256655981,0.3432188184484128,13,5,0.26726369890493573,0.13232601364429292,0.4305200604454831,0.2667218426171414,0.12567233862151694,0.011707954716899895,0.3505164610167875,8,BEGINNER
0.3511885370193871,0.4887851354760696,0.30661542550441817,0.0518083133726957,31.534565148755743,32.382877673516546,2.444235075647048,0.6723777500921713,0.24000030014209467,48,8,0.17275885563091392,0.06863129416727878,0.4256475670343789,0.0793723213326056,0.011656796353333582,0.0926817075437474,0.4342665267601936,8,BEGINNER
0.5217649431485862,0.7272692181339814,0.48111047275257407,0.31768955256937603,21.180382304746797,21.76916309547914,2.227815046666178,0.2961892450083463,0.552915431286601,31,5,0.27270377543676555,0.1549711751917544,0.5396314171029488,0.3747505497453404,0.049365514657165294,0.06158665691740886,0.5891463165938163,8,FOUNDATION
0.7638921281379738,1.0,0.8802567533378598,0.5076264986720578,14.988895968818369,14.068465085386583,1.7082754167112404,0.13739795731742474,0.8305336510516123,43,5,0.8132906312421271,0.55337449148908,0.9316288620658625,0.7438566379952557,0.14265981602162453,0.03760124143946403,0.5788896989404058,8,INTERMEDIATE
0.48023949894988177,0.621327755915066,0.4341719937153984,0.3214077863136442,22.85237760146323,21.912910687170584,1.7999496667391932,0.19559567628168575,0.32649413925308385,28,9,0.3721543393972645,0.33547929329113657,0.6121532852186564,0.630092412948202,0.024319791791275525,0.06146368432832337,0.4628506187047158,8,FOUNDATION
0.6833356448605041,0.863234688346318,0.6997935005977707,0.5645606224438963,9.077893503464555,11.140821763503357,1.5528490844166407,0.061243303912994554,0.777364471857025,45,3,0.6516939775485915,0.5201586842566891,0.7606214325129842,0.5663163459353093,0.07530968730023514,0.040073342924077285,0.6924497697150711,8,INTERMEDIATE
0.8433940766234876,1.0,0.7582261040694932,0.6392746547964966,16.001119263822318,11.470673996096005,1.0,0.015225053771141209,1.0,42,6,0.8820736879602722,0.7621210022032547,1.0,1.0,0.045263633587534616,-0.05285863492104782,0.796620687625041,8,ADVANCED
0.8146190963731541,1.0,0.788127515107608,0.5431028445209921,7.678589234901777,8.821780433666392,1.1083025394738062,0.1357407507246167,0.7532199211936423,31,4,0.9805026830309969,0.832474048934964,1.0,0.9286575712201223,0.07731336720103696,0.055795857024278264,0.8917198252691827,8,ADVANCED
0.6649844278132191,0.9259856049765856,0.6768431105830998,0.4326654783372879,14.506656435393829,14.108090302674524,1.2262951858898263,0.31429051642470646,0.649725321960219,22,9,0.6206669502458345,0.45640689096823867,0.877664123184738,0.7264510662763012,0.0752081652007326,0.00798955644987399,0.7440087602456175,8,INTERMEDIATE
0.7689299820570381,0.8413052980889082,0.7544293571203409,0.580560220326707,22.749746912714027,19.583193888084306,1.3334209301738096,0.1696031399746152,0.671450628561418,38,9,0.5857312750010163,0.5652560377097602,0.7400292970003401,0.7056284829977864,0.0837162661824786,0.06818689385865537,0.68485792901157,8,INTERMEDIATE
0.6653731786386842,0.8190727335001555,0.5554652920786025,0.5173993297571831,23.362713972203636,20.795657965213966,1.4693724159171815,0.27084518600604535,0.6762184008869805,40,8,0.6269729281124488,0.45904237894720445,0.6895516952285244,0.5069996684338584,0.043338274772377026,0.04660580670931909,0.7238481861650294,8,FOUNDATION
0.637244959732381,0.7951790954945189,0.6417528726244405,0.4749913343885494,28.739998492561774,29.73393110679531,1.8193161155369206,0.4177882678928729,0.6492576263786984,48,7,0.6257229714337582,0.37628742041201746,0.6480029823280635,0.4187420432315068,0.015318554703032006,-0.052144428702884674,0.6176302979440617,8,FOUNDATION
0.6536095275872746,0.8745457962394659,0.6536755963926398,0.5222804543885109,16.977171922832575,17.06777056357855,2.3624910945482966,0.5228251701381491,0.5935124572668862,22,6,0.6149503166706891,0.3724948243047205,0.7654066303005675,0.5320333041270064,0.011026241520401285,0.031292091701865365,0.5179549830573476,8,FOUNDATION
0.7823996724701084,0.9163082437874324,0.8873250404414635,0.66401126268927,9.113626035812148,5.61546486901274,1.0,0.07077363735415093,0.8469690257172869,25,7,0.7781394599013204,0.6528941222809671,0.855078117508713,0.8454829018021629,0.032607765641591145,-0.0037478352260688734,0.816431874699574,8,ADVANCED
0.2596221725024704,0.4488277705568131,0.39794446440973263,0.13063406590708862,33.296054063866,34.43811887782734,3.8269315402844173,0.8118203953019165,0.2203873880161843,32,9,0.20729554546319756,0.007170178104758666,0.266359481345235,0.0,0.07056202140672148,-0.019535530974428335,0.21251908316646323,8,BEGINNER
0.7255335642795522,0.8660387547199071,0.7824467107574931,0.48360797328088245,13.320433902882446,12.832244650251793,1.5754666362664285,0.11811827220386782,0.6915223704320936,49,9,0.6984440073617663,0.6609109777853758,0.8382638543374007,0.6050083143149915,0.030007294973044843,0.04917167845779827,0.8149460462734397,8,INTERMEDIATE
0.3315227968521701,0.4788026312123103,0.3024820360554023,0.10026860491138205,29.830918870835244,29.95121220069315,3.287276362191385,0.6566928389644638,0.342717113124061,31,9,0.0990369648255264,0.0,0.22980595924458422,0.19934665469369622,0.0938509818583138,-0.052185918479752735,0.2961276356900118,8,BEGINNER
0.6236536025361985,0.6976952139190304,0.688402979907825,0.3492197918969524,25.93301437200131,28.2474627916466,2.3014349078589853,0.3517657453350385,0.6119707266610187,34,7,0.4952281010764712,0.467695208580199,0.673331166561322,0.5914000654883603,0.1029430143925564,0.029868423111734557,0.5030848074112318,8,FOUNDATION
0.5540615597849681,0.6768562702641846,0.5046883263050119,0.33517628015902423,28.001886161206738,29.47477695610771,1.3690555797499453,0.23518550636317473,0.4850067645824825,33,9,0.45949859021119577,0.3700633189876256,0.6243653662723225,0.6755821768270978,0.04608125802347857,0.032238742055584926,0.49882717280227656,8,FOUNDATION
0.20661955593737774,0.3279231241696051,0.13546787592927115,0.0,28.412980094020455,22.088290649005444,1.971542753495347,0.6799424567691319,0.2230366996704602,38,3,0.1873198633932195,0.01434376197718406,0.2956700103880765,0.18581755294227487,0.03198522981682962,0.07276827733753534,0.20834528150992526,8,BEGINNER
0.6157004470647521,0.8148597421479513,0.704054539240622,0.4596518660598612,12.674623639907562,13.693240761698323,1.6673959580427868,0.22692161564135754,0.6877642683194248,37,4,0.5537968877352313,0.43704465932117664,0.6655393727598677,0.7536510071205949,0.014172581276844542,0.06008198584518461,0.6946316452671459,8,INTERMEDIATE
0.6322080408686417,0.85671368800029,0.6833632470280718,0.4504866290523435,9.273817061761736,9.71746589282742,1.3900535625713604,0.07285616062731087,0.6157544849008735,24,4,0.711665390931029,0.5929692035733365,0.8729194559960671,0.6915676848796791,0.1397977526808712,-0.025571371876898192,0.6291811334697996,8,INTERMEDIATE
0.6696042587756061,0.7963842315134586,0.5648914134349544,0.5095748112556168,21.8145645441655,19.773539056605767,1.4052103904393647,0.11805320589973445,0.6650180427151494,18,4,0.7669057406061024,0.655380498821361,0.8543216127475349,0.8087246099191163,0.13681020898324775,-0.01149124021232049,0.738923679864802,8,INTERMEDIATE
0.14619349505094187,0.36935911397658716,0.1327969703462503,0.0,22.273078391869277,24.736887383005868,2.515331682480245,0.5657608100487348,0.22722000742696505,14,8,0.31817802979903653,0.19357996493387708,0.448653439158602,0.43126339136931147,0.034820842854799916,0.051041497264493314,0.21758022977768876,8,BEGINNER
0.35807336760993114,0.5653902112263812,0.39215773077463184,0.19190042447295783,22.232946486885957,20.183678631615468,2.2809964065922057,0.5491422295725876,0.31599937851901977,36,6,0.4587334347833063,0.2993644952383334,0.475866250247897,0.40897369716368787,0.09488006532066595,0.12824462945507287,0.4959092112639411,8,FOUNDATION
0.571608321851256,0.6418475966516803,0.5094483641179363,0.3193562449830695,28.764193134906343,31.499847639593867,1.8653974457976217,0.5681737114518275,0.41272271439052394,28,5,0.5007852165729536,0.4743843735224676,0.7120890030687459,0.42901163624559724,0.07931115173096688,0.07085738371896562,0.5504430044604235,8,FOUNDATION
0.61301624277857,0.7886137312298377,0.6614503241026761,0.5361211945655018,20.6532107926443,17.54300445358544,1.1832721134773738,0.28118507574087165,0.635033711772906,18,8,0.7523716907385845,0.6026239478038569,0.9054925579527892,0.634065502585781,0.0021551038775084407,0.043548353489258104,0.7116504392041347,8,INTERMEDIATE
0.590974746123952,0.7525465850860136,0.5595622707149037,0.39640805513818694,22.34480509555416,23.600830134741766,2.563879694625947,0.36144199006310246,0.5809618625431152,41,4,0.2762988214146791,0.300737844282543,0.46126119041892755,0.37388099683434567,0.044900468578404795,-0.00780262787397017,0.5921722900646719,8,FOUNDATION
0.5548350666127312,0.7923647599346633,0.5411473180680098,0.39572839955955974,24.207179550803115,22.14153083736435,1.688074970946569,0.3531603914175977,0.5855974223849962,30,6,0.5927602036785131,0.3998457071931545,0.758934085152291,0.5349201353494327,0.10931421874985754,0.03725430930075413,0.5515264933682422,8,FOUNDATION
0.8055448367987308,0.9257099288081684,0.7863326626852305,0.5854706698025929,15.556416902518464,18.22708839506977,1.5321895306750277,0.24629664922825098,0.8254902837020421,22,4,0.8790540760306029,0.5110327993213957,0.8684313882719712,0.7546131945264816,0.13419304036021007,-0.0032661259170538685,0.7998571981123095,8,INTERMEDIATE
0.35278305406406774,0.4179684183132054,0.366284517698356,0.10808179508478609,34.62060444264231,33.54691423170012,3.434527016951472,0.816643424573169,0.28894535597274,37,7,0.09466536822629741,0.0,0.25331182900198185,0.159544586726773,0.05583879628421283,-0.001960888241090638,0.5209600683955328,8,BEGINNER
0.13257967303320137,0.2847538878931124,0.10311110377462246,0.0,39.41134744638068,37.57444694546273,3.84291198930979,0.3985624792839814,0.0870321670545222,28,8,0.12729622786179817,0.0,0.3635314953910296,0.21226985361722417,0.0815723260263999,0.04870406410532675,0.1942956399051591,8,BEGINNER
0.6148015266903717,0.7140945404605441,0.49867544645167916,0.3903686519390978,20.26712520976107,21.315709359727876,1.4989167694643541,0.38453756667806843,0.6784919087422234,18,6,0.366830242570517,0.23884733816775439,0.49549648092749843,0.6123248023830403,0.06449888100364601,-0.02226150527184269,0.5327276494892783,8,FOUNDATION
0.984965803218591,1.0,0.8497057078379917,0.729250837058047,9.434961767160598,10.764674526847177,1.1088415714758495,0.11983086389934912,0.987743342853599,44,9,0.8070617912060157,0.6253239960350941,0.9514217980010679,0.9282922437833403,0.04693774059828291,0.017764562162020735,1.0,8,ADVANCED
0.7750996343136962,0.9199971719283919,0.8131933072090505,0.6367404117520405,12.19088478403356,14.86076925125613,1.173660919512349,0.05418788588098862,0.7727523315385565,44,6,0.9941406635430721,0.8435998907174264,1.0,0.8958505570366269,0.010027082972651407,0.0038969301760834046,0.8534834977339504,8,ADVANCED
0.9090808007260025,1.0,0.9196421767786901,0.6778259202367299,7.580368601511104,10.595914679736406,1.1694340559830578,0.030471684654261325,0.8793663719321875,48,8,0.804266360867299,0.6321051847591883,0.9061652726982874,0.8519426182328445,0.008834448814157275,-0.010156004411306003,0.8219295237547366,8,ADVANCED
0.5260868237028767,0.7193068111184713,0.4838489652918697,0.3006235187598802,24.392514129591223,25.549685592541003,1.9546312968962052,0.36213122801757336,0.42255574176047234,48,7,0.5017602464694678,0.3217614201071316,0.5872844680587019,0.579913638711062,0.05683223541029331,0.06813067873558162,0.49653508540245783,8,FOUNDATION
0.6448698849117689,0.7981307620635404,0.5934924182741078,0.43897984281178604,31.94955369381776,29.626582751182788,1.8118541083992497,0.6319511269791592,0.5428079075741119,21,6,0.34763987938387303,0.2225957579020782,0.32827337305078075,0.11775324785238828,0.0262841269525545,0.046366503974033586,0.5665701387826909,8,FOUNDATION
0.6133356277392389,0.6926162588109563,0.5575082276400567,0.34581768069299124,26.56923242230177,23.611556335749263,2.2906123178549818,0.15901398151467533,0.6124184952656038,14,3,0.5336110126357736,0.34464663074020785,0.6334719303317795,0.6178290405944777,0.14760893585781168,-0.0049504132214894594,0.4025581000383352,8,FOUNDATION
0.20092159104825172,0.35575787114003476,0.16934294947658057,0.0,30.952467704705022,31.691334738815016,2.1737416585749507,0.7952379380847587,0.20910177273460248,49,8,0.11277397326208458,0.0,0.13136045866117751,0.06568110164775763,0.0018172905164403506,0.10947193555386868,0.20668400109969282,8,BEGINNER
0.40548185758587524,0.6590282649228411,0.4715993183367554,0.29608584352569944,21.008745235191792,22.105895508559946,2.4109540046484366,0.5493293947612576,0.3467134791251781,43,9,0.28183321631663366,0.15869319502467566,0.4668264041769946,0.3497272460592712,0.062104188563304116,-0.04922983123636744,0.5599033210650048,8,FOUNDATION
0.5959095491359839,0.7406915465582694,0.6092531776849698,0.4136181666203792,19.065489525502716,18.523691132618136,1.8339383676775276,0.15881007340573608,0.5614703556342011,21,5,0.3391707348445693,0.30318163469378484,0.5134559503724462,0.26501196070709876,0.048265585537274544,0.060830178517885636,0.5352433008621592,8,FOUNDATION
0.869532474414458,0.9576741891061774,0.921849287696836,0.7332019677031635,14.493263379652934,12.918194937220372,1.0045494088375306,0.02824428997285942,1.0,36,3,0.9439505988694458,0.8262097097527991,1.0,0.9393556343676991,0.04550030735924807,0.04316347845737601,0.9627240704848449,8,ADVANCED
0.35712848691404886,0.46881557291208203,0.330846048043674,0.11793654453994577,20.190498323855124,22.26703238146452,3.085450924454096,0.7195924419352104,0.48096736263330914,28,3,0.24404696079683624,0.011185184069931749,0.3497783112488081,0.30701478131012494,0.14435704908405586,0.052650396915495196,0.32604576021702286,8,BEGINNER
0.7717917347481826,1.0,0.8515158664764203,0.6507840705978342,13.25561450289434,11.17809527344935,1.5735672859371022,0.16400078174420699,0.7450459745809573,18,9,0.7983300806461556,0.5314261810555944,0.7908037563427172,0.8188607833172539,0.03647513602885936,0.07570412180677194,0.7832874682178492,8,INTERMEDIATE
0.678193893329217,0.8213976299618772,0.6449224710490059,0.5429264323261423,11.26470278088271,10.13909434294686,1.327962193363973,0.22112219101936292,0.5656199819143133,11,9,0.8059054828490548,0.5140445080638959,0.8974859093484542,0.8154749652739011,4.606125506332326e-05,0.03710597100548286,0.7488214395925211,8,INTERMEDIATE
0.28445452248055886,0.42463126467783663,0.27921731929824056,0.11284093082601332,32.812622255825296,37.073364892285504,2.3059020473393805,0.8594405515766214,0.43852803066291013,44,7,0.12634574977530075,0.009898125067372726,0.3259375268069278,0.22374998619532735,0.14782226258574024,0.013600151239330241,0.18597070488194428,8,BEGINNER
0.30140434801690563,0.4670558470781758,0.31866234165630675,0.018678724416510445,40.974387338936786,39.62936800622453,3.5089103228293475,0.5898147059300644,0.25572263120841265,33,7,0.1964252524190898,0.13394734679841136,0.40019241593250987,0.24165153795587485,0.06514376541454457,0.05790328530869841,0.3702692984516898,8,BEGINNER
0.5372767452648098,0.6658661606369808,0.5103616382493588,0.3403943345614931,17.278813599239175,18.52058097645071,2.1645142098250867,0.4101551276230976,0.5958616703821098,28,7,0.4114807168415279,0.29774758278693925,0.5850001083738905,0.575920502559714,0.005622892068801039,0.07193271436598676,0.31489843014836394,8,FOUNDATION
0.7802633883798846,0.8562497416374465,0.6810992321674441,0.49515825370441235,18.04716651023962,14.592361973169993,1.405861089139563,0.20573412122155865,0.7212303009700204,30,4,0.8022059152720316,0.7061347851817799,0.8500467348803697,0.8726729654549182,0.10711842027416119,0.08873989850273899,0.8410042990900479,8,INTERMEDIATE
0.12319983511014376,0.2894916687225018,0.07042356488863377,0.0,39.39945002846062,37.13678106843211,3.511649875722328,0.4312196337514336,0.22723038078639052,33,6,0.06760913207810786,0.0,0.339270443969342,0.22931961442628848,0.04123276374110992,0.04312739613988749,0.17894076629920608,8,BEGINNER
0.8100690308023971,1.0,0.7617738954662466,0.5218822421853793,12.736965127781247,14.534406764102648,1.0262496617473793,0.06271859548894017,0.6273888034629901,19,7,0.8356772876472258,0.7130053267583785,0.9643265024057616,1.0,0.06250849217040011,-0.08886180344483678,0.8001534225710425,8,ADVANCED
0.6780397516326998,0.7447450961561723,0.6202130721131842,0.38777349947664563,24.31526308448814,23.278023588281634,2.2018717653588413,0.5515063209341688,0.6397033068647175,16,5,0.4740581308518756,0.3663164151490855,0.6358837325474352,0.47365220040309874,0.12185928626190703,0.013378720752833162,0.6153930806101445,8,FOUNDATION
0.2973187026678068,0.47763097099142626,0.3219123726035945,0.1365493418646785,26.859452645480616,27.470667749199634,2.241108348653601,0.8310897992801918,0.1985710566595712,16,8,0.20430014683843567,0.04709111611576015,0.35965092123094805,0.2765953747246533,0.11629934714301385,-0.058743999373136735,0.5606429066796103,8,BEGINNER
0.8032979877239074,0.9650893953040034,0.9762636185931262,0.5983952607054108,23.147161700665677,19.941833841717298,1.4985461746420743,0.07650419522971531,0.8506664379204372,47,4,0.5350838153608485,0.42648209256707015,0.6460331066515885,0.6267005588011071,0.0733908779964126,0.05088103325423252,0.9379356924814828,8,INTERMEDIATE
0.4259002240772439,0.4735447062800875,0.3487818427659818,0.20932923985093385,14.703586977917126,15.57620379218962,2.001226973885806,0.5971142078660957,0.2920182486093374,19,4,0.5307399661031135,0.44434730983936627,0.6506475944592544,0.5331202326658014,0.09375803594555497,-0.025266808375742623,0.33696773430115634,8,FOUNDATION
0.12958737125360242,0.3166935627818064,0.05578515179599074,0.0,38.33801906249026,32.3493919454844,2.740765226043877,0.4594519979264087,0.1724894588039669,47,3,0.3114305202606405,0.16405009233265508,0.34504588207893133,0.3940966727601437,0.11533641593212127,0.002406310185674207,0.2134451558911783,8,BEGINNER
0.4043277825036201,0.4856863432322683,0.3579925721178904,0.2098755388114768,19.253633616593678,21.234847972103896,2.4160449035153824,0.29503353951003225,0.5093177785829331,44,3,0.4410632426977462,0.3520144540905102,0.6206352037189341,0.3727268465835973,0.01606687729726855,0.08465740375106358,0.4321706535777468,8,FOUNDATION
0.662383604071679,0.7765797898311094,0.7056839341702484,0.5502686040031157,18.734737842228856,15.27646782305238,1.6172393070779154,0.25497429984833747,0.43391535914835017,26,9,0.6195775409657318,0.4002478162830863,0.720966903808723,0.5898048818149403,0.10832829187135116,0.0035584586706380004,0.7230931325507602,8,INTERMEDIATE
0.39453475752536826,0.5524871402925489,0.37577570372482444,0.1330666394139676,24.340936207294426,21.878154411438267,2.4936256953946763,0.45342271621602076,0.19877369189115834,43,3,0.13989950973664145,0.051815864981448426,0.35662494670377165,0.3965993516325786,0.01841114196884742,-0.03192496688071132,0.3803648101705149,8,BEGINNER
0.31718365199829884,0.5189890850032837,0.4110889736515309,0.21709052651777677,35.3186050407308,32.6780208928042,2.9411019087408743,0.48629839204755565,0.19536836098088092,40,9,0.17222023844000964,0.08243234917206163,0.29364507413696483,0.0,0.09842634464496254,0.01071316182907507,0.22766230344522054,8,BEGINNER
0.5547918169277735,0.7443309892816476,0.526152671948561,0.37042585483512824,31.5663975623286,29.190232780838922,2.4218110461761237,0.5688741074507576,0.5404414587131832,34,3,0.4318146371525277,0.1877582994819218,0.5324451465214382,0.4423244150441454,0.12853319313080352,0.01839905977564646,0.6211520977020472,8,FOUNDATION
0.8648582865193625,1.0,0.829118958337647,0.5054043379090569,9.644559245865068,6.730933136892207,1.0,0.14286204403479139,0.8616215795294148,10,9,0.7994687931317369,0.7196959746121636,1.0,0.7898906561217265,0.035233524895773013,-0.03207156349322712,0.8174548086429984,8,ADVANCED
0.7478157629045332,0.9353336984039906,0.7694321188226702,0.6755378841522206,13.834590193562422,15.517496811671052,1.3117280089160475,0.3221054032417516,0.5433744478765953,31,6,0.5693257248784539,0.45468340006799385,0.7011004411956288,0.46857329063671393,0.033385966693295265,0.13093716787654247,0.7731236220605335,8,INTERMEDIATE
0.165425251474725,0.2100119377658577,0.08854042811840786,0.0,40.62581363404248,37.955042126333275,2.6318054531406916,0.7840027822464934,0.2041833809858393,48,7,0.26224578725680286,0.11283990375968055,0.40144766852563024,0.23068819882758754,0.0032912201396345987,0.0815242178179176,0.045550650346446675,8,BEGINNER
0.7715380539322382,0.8666292934336141,0.7404890134637843,0.6187279190642924,14.139509013006162,17.640521816185128,1.437528248466443,0.32064810489701245,0.8028546853868721,41,9,0.779437561276011,0.5568588876990492,0.9663336559191377,0.8045278259149716,0.06366564060013402,0.048365281264613015,0.8468794788706309,8,INTERMEDIATE
0.991643246759038,1.0,1.0,0.8477937311508474,11.435869501091112,8.611220220533223,1.10332625205636,0.0,0.7873120974706234,24,9,0.8210024226137788,0.7378616676085179,0.9580906517303392,0.908147852970249,0.11787424858353968,0.05535530800532815,0.9140233825458761,8,ADVANCED
0.4456677268724761,0.5790900801543257,0.44324695625931426,0.2182676712173481,21.699344878253417,19.805174453881577,1.5879699345244784,0.5295568535323155,0.5279935912347163,23,7,0.41629316345326534,0.21565785505926993,0.5534462720497383,0.49807400544093083,0.12358681911849434,0.012738567708054017,0.5418285125143305,8,FOUNDATION
0.4215090662969854,0.5564806993117709,0.5552809130909577,0.32110385013394593,25.787108449277063,27.14293978786773,2.3263659111009702,0.42245567958593755,0.6314471804638307,40,3,0.3534969138534196,0.26154667863989434,0.5809391739648379,0.46292794401383514,0.09936236191217378,-0.027180085795966546,0.36152160182355075,8,FOUNDATION
0.5655504326979339,0.7008477897930021,0.6541572039747917,0.39497365446515037,20.958847570160213,21.046344831922234,2.2865413775529477,0.43674763618686735,0.4076339078075393,30,3,0.4393421860326758,0.32840804288921266,0.6667423596799944,0.5330007659437213,0.08721071553204861,-0.016072037491510278,0.5610687086910018,8,FOUNDATION
0.7210691844837919,0.9657029635301242,0.7474803483896831,0.5530987986947039,12.409092286003297,17.294329396959686,1.7197464963710969,0.16922148162532286,0.6839118136039493,12,9,0.5410431733427125,0.4277024237537738,0.7736906035142767,0.48987811036268225,0.02011241579324748,-0.01639749337371565,0.7651963882494583,8,INTERMEDIATE
0.4778495841700703,0.7604314873942917,0.513371350365834,0.2803020256906497,17.737013137733815,15.454705740192686,1.485174324921768,0.49736077905208476,0.4497904030273186,14,6,0.3124735878444218,0.21388280657864975,0.5310684693625427,0.4486541865939868,0.1274867152638207,0.07639624927584138,0.5711307922736839,8,FOUNDATION
0.7920023297145358,0.880101697793334,0.8982194790983461,0.5199340054043757,14.393564321920989,15.642179509062366,1.0,0.09926576844004642,0.8624340012192819,16,8,0.8064995523770241,0.6012582464689586,0.974565345616886,0.9215155932594541,0.029559530106647428,0.015105379741393185,0.7322754168700256,8,ADVANCED
0.8857934377493245,0.9903348845999238,0.859390541362123,0.6294142717812988,17.601121158184636,20.10836922019061,1.5224277003766247,0.2807960896914352,0.7872471984490093,18,6,0.7093502482255695,0.5560510035104154,0.8543951747820759,0.7247123312892161,0.08815880890369308,-0.02020688440803443,0.9512571301979921,8,INTERMEDIATE
0.6766205594140801,0.7068876882870073,0.5058441643449504,0.35542380022313674,17.78168263081309,20.91658790807028,1.7118971265837897,0.23678927971845082,0.5174925716614145,16,3,0.5670477161719878,0.4390618857729458,0.7122701127587882,0.47791369231824476,0.09174709991063977,-0.10640022945102452,0.4952011780850716,8,FOUNDATION
0.8630075639025458,1.0,0.8610563652373343,0.6538094094131158,8.40263367560101,8.955917218672635,1.0,0.1543367772522251,0.6236784384935088,46,5,0.7876532222678535,0.5418479685730972,0.9902050969159865,0.9208508170546515,0.04928026748943089,0.06972590580142385,0.8211597742757718,8,ADVANCED
0.16415772648110033,0.3084924168912056,0.2677763053057266,0.03333639506354041,31.84517053295279,32.648082082910946,3.4609165174656153,0.8812493686447672,0.32857749663295194,37,9,0.16457814456468617,0.1598091453685035,0.2514411616199136,0.0429207082093194,0.11948130990444687,-0.04132802899509827,0.17355523392502514,8,BEGINNER
0.2872690669437584,0.3927467475084454,0.266155731060734,0.0,36.04454245691495,33.63087659202636,2.3917215651561903,0.6537917704963289,0.32436443883141225,41,5,0.1493383767396847,0.12097810208774427,0.2856377247375922,0.2179646115099273,0.006433013975911638,-0.001547190024261371,0.2866120033338038,8,BEGINNER
0.338848283451577,0.5749526711401083,0.3685610493398056,0.17313158779993826,29.93091038905368,34.26637061055186,3.822563049995066,0.7289170378791782,0.5142172406149489,41,7,0.24574896545046762,0.10272796265036534,0.3830468890979276,0.4853973958913574,0.02534355616519779,-0.040204347508559835,0.30663478960914686,8,BEGINNER
0.3649775424213428,0.3546926499107011,0.32363446553860553,0.11761558567519254,33.217972455407306,32.801085627792375,2.2831945910267244,0.7839992076887129,0.3735300349016252,30,9,0.30937183736815554,0.0669200011018445,0.4122978394880914,0.3469527285392944,0.11633522217141476,0.07121758949299828,0.2917898440100496,8,BEGINNER
0.5357747275933952,0.6857290320624194,0.5926858939200931,0.4070296526750631,25.693055315250145,24.732519917009757,1.620315325321853,0.3249384166506588,0.5974188940776366,12,5,0.42844602018094635,0.18997642010392665,0.6069827975313691,0.2896139720422763,0.09036528833856607,0.10268176080149292,0.5353013086535768,8,FOUNDATION
0.8239840525646941,0.9104431587799807,0.8230128443888198,0.7305099789436854,12.002097800073551,13.215561998363036,1.4947770044348434,0.1440720748404258,0.8539698572597658,14,5,0.548913444259717,0.4593358163885914,0.6299589831134162,0.6641423997823412,0.055108093372793675,-0.05018491923726212,0.8532032387524384,8,INTERMEDIATE
0.24880932645128076,0.28505547696238137,0.1522439110864005,0.0,27.4712554734202,27.452358301202388,3.2842228065579055,0.6142284856688767,0.08347841664180819,48,7,0.21024217450158023,0.14316992885227747,0.4668226548256779,0.03640689932275931,0.12654147437061625,0.026967560394946424,0.1501724328860072,8,BEGINNER
0.8841210447498885,1.0,0.8510491009815226,0.6357039802615658,15.18292083553584,12.3885522651623,1.6712924408369587,0.18719414857185396,0.7785430607925697,43,9,0.7399822911801848,0.5615931007366879,0.9416826108469611,0.6169865944185432,0.04219176751096662,0.024961481169053647,0.9829608332860965,8,INTERMEDIATE
0.19490371292659298,0.24751381623025603,0.20051727538878583,0.0,29.443806594339165,29.38156781965965,3.913249068083931,0.8009747369504326,0.15856891527657574,36,8,0.2664431286345192,0.10358231349993821,0.40735679572416855,0.15556171599630184,0.11451673433640966,0.06773334080146934,0.28943486445090094,8,BEGINNER
0.14869468793925397,0.28236039842144756,0.16067199480843192,0.01249016682575789,27.07408688231763,25.92835669618935,2.6240262616509873,0.4953820699295688,0.3149057600845718,26,9,0.0,0.0,0.33471593901601104,0.31563009988114643,0.02102346325531954,0.05876153644188768,0.20151209351507166,8,BEGINNER
0.6414051750598909,0.7733768159647989,0.6635843347447905,0.46172741639693776,12.888411910077913,15.600132960948217,1.2481113517510791,0.11215232163484973,0.49190158903946013,40,6,0.5827472873419608,0.5198541221089691,0.8031372904191504,0.632324789270525,0.0910963114381913,0.08388166749039047,0.6951080018059507,8,INTERMEDIATE
0.8703302459153328,1.0,0.9140991397881636,0.6637132929220803,9.356710973686448,5.293670186488883,1.0,0.0,0.7496898136487888,40,4,0.9235681833250802,0.8150511153411676,0.9777320980330784,0.9305869193415577,0.10825283989615467,0.04694815363278611,0.7982400807688417,8,ADVANCED
0.34322924926514575,0.5759366839439665,0.40637668113233877,0.221304041697887,40.34945799911801,37.93734116550008,3.0256654665565796,0.40290770175689355,0.33372265535865026,22,7,0.2422843027052733,0.10174197354741045,0.3557654408475214,0.2919420995088669,0.12611192320302225,0.06235556037197011,0.34165861228657307,8,BEGINNER
0.44409621606138006,0.5492465652175644,0.47145556275203176,0.2833646052452856,27.86353187901473,29.862967589411642,1.8257384135317423,0.6035058045370114,0.5470818926776935,30,6,0.47432286772204835,0.2501626233052311,0.5760997299178561,0.4344250623580185,0.12010371953614281,0.040370901732598774,0.5410657869082175,8,FOUNDATION
0.9460258228249512,1.0,0.8681420501552611,0.7413064270606202,7.6557031996738125,7.8008665192941855,1.0386555589135,0.11635177235796165,0.8242903422961109,28,7,0.8981898893326877,0.7920033209509317,1.0,0.9920333461233796,0.0031255239393121414,0.016383549934884657,0.8531966356180931,8,ADVANCED
0.7050070126641839,0.7471302291728393,0.6028452479186257,0.44912300850206455,11.57846914521902,14.548216446167721,1.2412462774446744,0.1665237219786571,0.7338037896579199,18,9,0.664141723180441,0.5691142567062613,0.7629248161215851,0.5737438194444504,0.08791606769058342,-0.012292449414700927,0.6391532190871891,8,INTERMEDIATE
0.44135654784208783,0.6575813978293992,0.5286764799828505,0.3076912234828666,13.673165798520987,14.96016780823163,1.9924270772091877,0.4678788928161837,0.46631326912175514,17,6,0.5053066748054387,0.27084540428530274,0.5735205182624924,0.2515287227427895,0.10819283228967387,0.08953629645707155,0.5168768365427816,8,FOUNDATION
0.699171308089603,0.7863105371212792,0.6891054416286156,0.5337950496596027,19.426491707048314,20.57436031955232,1.7718621605673064,0.17149605822282774,0.5707150827034666,39,3,0.6681365564250823,0.4900885984834542,0.7952258651338469,0.7813024531810819,0.07666353017346278,0.027410148431394894,0.7102939917391144,8,INTERMEDIATE
0.5996675682924096,0.7017519202098469,0.6462109377586167,0.4423086813519083,11.744559419221032,12.23351734793615,1.4912226999913778,0.18658089515617546,0.654391641918928,28,9,0.6211449307541854,0.4063079472478658,0.7412060975162252,0.4100034823026937,0.12657780873029606,0.018602611436085367,0.6993865633441833,8,INTERMEDIATE
0.560577933931059,0.8422684564455215,0.7093446931702974,0.38305978058280366,12.970558936966189,12.599278217405667,1.4065364333616994,0.13865553100561007,0.4230186528266181,34,5,0.6371063668816287,0.48531822838886735,0.7221383499602156,0.5891736880845622,0.12265489677714088,0.00555113708669208,0.6959190485503847,8,INTERMEDIATE
0.5415941560856025,0.613728314839051,0.4957141271431786,0.27770798759578585,28.715528493088062,25.41883913064156,2.471068790534012,0.4486020466948277,0.485325974184319,41,8,0.4858367336174492,0.3060453962605304,0.6196896307696853,0.39870213907187146,0.0869309015240588,0.06515837959973883,0.3079256462153551,8,FOUNDATION
0.4503278596758858,0.6522478476912877,0.43886580569289807,0.22365698715611876,29.536739356141346,27.506678039703804,1.5155940040766118,0.14457703350409148,0.4442437192224596,33,3,0.32212921396907745,0.18654851291952973,0.5373937308785043,0.16805768995526882,0.11544967327479869,0.01619755461514787,0.5082414142654168,8,FOUNDATION
0.749216132877818,0.9371476287967664,0.7336538151511762,0.7517284282187346,16.133576193641847,14.088385269042082,1.5771320485152018,0.1885645061750505,0.6797118602681982,41,5,0.5704850803699152,0.48827785471552654,0.8022498519279867,0.5924476184439714,0.13669622447438562,0.10587901025221591,0.8472148718027505,8,INTERMEDIATE
1.0,1.0,0.9787614532516199,0.7773741085006137,10.694750888664721,9.963358905797865,1.0006672806202492,0.03255902659721513,0.9717831073888078,40,3,0.9098497221742824,0.8007052829978716,0.9706521431331616,0.8234745187878755,0.009682170753582487,-0.02125059492030933,0.988393052010853,8,ADVANCED
0.8468402518322594,1.0,0.8255412740029937,0.7044311194530453,16.444376467284695,17.985700493043716,1.5334649101159121,0.2280876192397088,0.9038093810532518,19,3,0.7318863045160193,0.582229009951545,0.9179587709121213,0.736172225937538,0.056996238668761225,0.0038204464359484214,0.8838073303907411,8,INTERMEDIATE
0.5158687068019361,0.6800484320507763,0.614098116985597,0.3277499358600315,23.02554790925755,22.442530053367197,2.4375699349516076,0.35718610300413595,0.4413618476022059,27,5,0.5147982791997837,0.452936775083142,0.7794275118021469,0.6317953212232518,0.13844716991012215,0.047731610032034064,0.5646779894377231,8,FOUNDATION
0.3122637180664661,0.47143474351779924,0.3275041745090276,0.1431097210848406,39.95975836088665,35.89994297491668,3.5550870798750123,0.6374235058472667,0.08276501484763679,18,4,0.3387069972618624,0.06972539773004895,0.3814759794100321,0.05993531079551975,0.13505099458114422,0.07754173248421815,0.3073987498360787,8,BEGINNER
0.8731958777211627,0.8970052968517516,0.8244185206002395,0.6116286096534921,9.21245688254993,9.351423981061076,1.1233036075898037,0.099719020705344,0.856870042111496,45,6,0.7660107446021037,0.6452089102268664,0.925671136472835,0.7684465335610525,0.12710250422146327,0.03726352548061444,0.74126985879919,8,ADVANCED
0.08999562804334292,0.2962464490945097,0.2148557275510325,0.0,31.51858685355664,30.385628401613793,2.811935721038971,0.5949272180040793,0.06594227690778233,21,4,0.24864077332538803,0.08404624808464353,0.41688116192379554,0.2237699415534801,0.13715452803671424,-0.009502833676402873,0.044366185392314,8,BEGINNER
0.6918970300147744,0.8902887528533455,0.7680875976466538,0.5290907878042796,19.34150900350912,20.663107822621956,1.5955313382842204,0.2531928465347766,0.6779054534498131,30,7,0.5645020546028094,0.39426894753689495,0.6667362366416666,0.391399523054533,0.04142757216097556,0.038179213692309505,0.7798651708695223,8,INTERMEDIATE
0.778985851790373,0.9245173951857899,0.7300495131905208,0.4742581929707985,5.997115990691341,10.671404266471404,1.5875460070941387,0.1777627677431082,0.9094500643992091,12,5,0.7163673402537423,0.5597372757533285,0.8052294535128637,0.7095623441201176,0.09486533744104354,-0.038975872832025596,0.7898860916286923,8,INTERMEDIATE
0.4775488922980846,0.6334644541101293,0.5060294140487384,0.2569561420115607,20.408713013253962,20.10934052246284,1.9952955555085978,0.608064961873123,0.33138459708676793,45,4,0.5737703766435198,0.5510925700934206,0.6809193974963963,0.7137749314611188,0.03471797569794605,0.022732806045634938,0.6131192729017659,8,FOUNDATION
0.4444863606712298,0.6233799956201228,0.528625383827433,0.2657590544102897,30.642550169951,26.998830618548965,2.2214355389451694,0.5892013079410711,0.5017197662459147,27,5,0.36271545256871873,0.155489039221207,0.40258883915388705,0.24041189694104026,0.041473559352731816,0.018218071953416563,0.4190989758287921,8,FOUNDATION
0.31144514031318604,0.5624114764917468,0.35209414070205436,0.15816432767384472,23.655357819353416,24.20743982529454,3.904408615533458,0.7113042671942256,0.3045022740228733,47,9,0.18550477855309866,0.03241645621432924,0.32347754703629805,0.46820469782214785,0.10416374242854727,-0.013330963874736129,0.25756768503998356,8,BEGINNER
0.24260182798493546,0.3438438195931126,0.3580682054654566,0.0831289003749339,23.87993307381531,26.035858025261955,2.632886339719355,0.7917140185923683,0.1411523520043534,41,8,0.11549563686610305,0.05221430437684299,0.28793960852856065,0.2689485498849924,0.0416571048777848,-0.030689687048486156,0.23545530052446137,8,BEGINNER
0.1369603443922968,0.32513199888649535,0.1560879240526204,0.0021218433500173745,37.39183359643509,37.69009062287317,3.1361007401879006,0.8573914778266368,0.07699831072150769,49,4,0.06850574568358822,0.0014238792549001456,0.20847552583153378,0.08072380102097354,0.13134270299110387,0.07076713931354982,0.06832826594623283,8,BEGINNER
0.5041118053261888,0.6530485096830456,0.4299330605531801,0.4254968402296375,26.24306855993661,25.72710557520184,2.1517061117219582,0.24823663425649894,0.6104599729021765,48,7,0.34998671820618277,0.251786604781662,0.49760644197068615,0.4225377924521554,0.06442375180467656,0.09954706792770528,0.4799804111543884,8,FOUNDATION
0.3007630273929962,0.4192999507113202,0.38672720859814524,0.06424933900594121,31.31883841127202,27.97537741642088,3.140455525144567,0.798593608833486,0.24274747796011004,25,6,0.1298709113385727,0.09734742769964928,0.31740847202652006,0.035929864162880354,0.10277678672703296,-0.03086226846434208,0.30827416233080635,8,BEGINNER
0.8810917670308479,1.0,0.8586226709504747,0.6183976552091598,11.048037622838462,10.27453585936558,1.5675223005642203,0.25426085524046366,0.8095529338020746,33,5,0.7889240885831705,0.6188913616249017,0.9359362072878821,0.7241100027465844,0.011975839702560031,0.03640048589917026,0.8480963848951065,8,INTERMEDIATE
0.3871188788689081,0.6030763127816974,0.44175992244576906,0.23948026984422235,26.134034421411155,26.59105050370283,1.7218860424481812,0.5567946463461433,0.37279963698571084,15,5,0.4399657254044163,0.22963780023863273,0.5209856343892301,0.49243883551885903,0.11888231119398321,0.0015499905374233847,0.5755681555295197,8,FOUNDATION
0.6635507763028042,0.7863716413778559,0.7626143415110602,0.4688086985285734,18.43186520043108,17.094484265694625,1.4352939542955971,0.26279152792122523,0.6396003121978724,27,7,0.6812460288045978,0.5483250553923678,0.9562286495952612,0.5747485922311042,0.09854201088170277,0.030589621009289213,0.687925494580314,8,INTERMEDIATE
0.9309157985011646,1.0,0.9110133321607636,0.6567911039073606,9.938231232730919,9.815543404237824,1.1223840158204765,0.10008529256865037,1.0,19,7,0.6697974135429237,0.47413609505934545,0.7175524472982634,0.36418235485938155,0.038051422739269515,0.03435503187006297,0.8026586290278382,8,INTERMEDIATE
0.6095523840645894,0.8053655868900335,0.533523540239732,0.3415923487246494,9.12636864873444,11.32034674158363,1.0623035996731989,0.2432925304672109,0.6344783936497438,11,3,0.6388785292384853,0.5513024470754373,0.8078059003823497,0.7228200057040766,0.13612595238980948,0.03157307912493865,0.6464427115955035,8,INTERMEDIATE
0.4138855933874387,0.6948205174759983,0.37474878424158165,0.27368489679694974,19.716651910788972,22.21250744173652,1.682666234707923,0.49759480364271547,0.334721239665303,49,6,0.48527718867576125,0.3500246719676491,0.5379802015831275,0.5331675335482512,0.04623540763949128,-0.008445242654471236,0.44356455106529785,8,FOUNDATION
0.6214736084163532,0.7025014252368006,0.5782649312596929,0.3392457867234832,19.678515986100255,16.372195785980757,1.1705422474073057,0.1492621297126878,0.579661736778424,48,4,0.6299276361196056,0.5283737071683974,0.7209770382500307,0.5769826610545156,0.09536345015512786,0.0029865161022914997,0.7739397443838505,8,INTERMEDIATE
0.34848832074964364,0.5141478109839892,0.4414059791049333,0.1664663329638841,28.716645869587133,28.339179983447572,2.8731140146817706,0.7253555042460681,0.43084736412637564,20,4,0.2639034050146478,0.07600312586528778,0.3665443136493113,0.32578254129776696,0.0608942184509384,0.0669297901587556,0.42439680013702014,8,BEGINNER
0.16462710962068253,0.28282939179184596,0.1571471676632311,0.0,39.59340554282211,39.1230198933553,2.2201701902771234,0.4842416751679885,0.21660858271789624,24,9,0.17968504639981045,0.17141565670666536,0.3811867277294867,0.24661739372673397,0.07683345861713084,-0.06343147132503929,0.12670341550690012,8,BEGINNER
0.15736351541627513,0.3469065116835081,0.1743482337943994,0.0017541683695988953,22.923076576569322,22.005913291086628,4.024135581044799,0.518779359136836,0.21722741375444654,15,5,0.1800650836555386,0.05196313009012376,0.3866060394731426,0.1291699052492438,0.09453153935989271,0.018139107066811305,0.26294620175389927,8,BEGINNER
0.31182960277348715,0.46308950347192956,0.4086788791642925,0.10963117354267016,21.99003755971245,19.00650912175806,3.929991082686316,0.6739820156583689,0.3264447694514394,40,6,0.11923963536818939,0.0,0.3066127319936379,0.0,0.09319455513251836,0.026127757847538575,0.3127388932614942,8,BEGINNER
0.5324158326129363,0.7656939368780233,0.6002607973883612,0.3722569304845897,21.295440094939316,22.55786753310227,2.165310917451708,0.12951517285683672,0.5873071434979927,22,7,0.569484248566665,0.4582440642216455,0.7771998740725786,0.5834468561349412,0.06452466787717494,-0.03190242907123303,0.5766789614372538,8,FOUNDATION
0.8444438037156532,1.0,0.7805502761819811,0.7327963210045323,6.90388354374185,7.350881830770934,1.193936664215934,0.06827429712094052,0.94864383217035,19,4,1.0,0.7851234327181645,1.0,0.8813029514658546,0.03642969757968994,0.03622521611854065,0.7695613679465081,8,ADVANCED
0.6402333464803446,0.8375429029901714,0.6914748579804599,0.4945477694246271,11.139391847919828,11.325853452588712,1.5550043629254222,0.4118626464529478,0.619117115034494,35,9,0.5786390024015242,0.5976032443783281,0.858795446404915,0.700411545371721,0.05212044622464324,0.07644532979386115,0.6195135506857159,8,INTERMEDIATE
0.3157311696590695,0.4081394603981463,0.3088639221484264,0.0,24.408309067797536,22.847685436485207,3.6055273148125195,0.7147512665436657,0.21806498228140284,48,8,0.28883056251704176,0.23426718677604408,0.4056181924185936,0.3232803105763058,0.08406172650234164,0.024104344981371578,0.1509253582787188,8,BEGINNER
0.7612265648927985,0.987050916902619,0.8572767810224214,0.5974408217783991,9.977518468214898,12.453916426780806,1.624081394771697,0.32840305207866705,0.7757668528146283,16,4,0.6671101032492514,0.6035867142333123,0.8760142999228675,0.6559379538943593,0.14274061033778224,0.0752131533630334,0.7675844349750793,8,INTERMEDIATE
0.5774826887704966,0.5890003658798926,0.5366601632071062,0.3030504235608413,24.111712668966298,20.692278171107436,2.071188203017881,0.48128585472838614,0.5981828336743296,13,9,0.3774793547341906,0.17276884416423205,0.48172977008962814,0.18497917313717083,0.09152745162552255,0.01543093697860284,0.5436618444237467,8,FOUNDATION
0.8476341086844045,1.0,0.9851328686987363,0.6857494820838247,4.425582982563267,6.748676880326096,1.0,0.004694012292828134,0.920623017936532,34,3,0.7514133049501462,0.5602686770395834,0.8498489242951439,0.8540146262578933,0.051893623509016766,-0.07654168003620415,1.0,8,ADVANCED
0.2669728510266286,0.5388935795568053,0.2718060036598519,0.13134014744630923,26.73161321652613,26.1037040199525,3.0986289762796,0.7565198557240763,0.2755419708937877,31,8,0.28821196140767114,0.0062034087253339185,0.20948225712318505,0.15482943545256697,0.043538496065379094,-0.05736392756234594,0.18898061227967955,8,BEGINNER
0.614716392017967,0.7231901193047279,0.6427511668732891,0.43922688634594353,15.954777012084673,16.74866095772611,1.2856370836790587,0.22457015962854437,0.5293179183440978,41,7,0.54288060940678,0.5024478205742685,0.7759490040952802,0.5407518737917734,0.09498805823234838,-0.05705165345502314,0.7250559837589255,8,INTERMEDIATE
0.6091973711732228,0.7579334968229134,0.531929846891998,0.31973264580763416,25.62665209893693,24.685337834616377,2.40848112619381,0.4095286691480996,0.43163310741228655,31,8,0.4701968014643765,0.3084227559491345,0.6111802255815184,0.31220961482520043,0.006036128762757048,0.028725783077289756,0.5529164466411132,8,FOUNDATION
0.2827001847614734,0.4412828162801667,0.20106426422087603,0.0951024192616723,28.659683096311046,27.20049754567182,3.636197866883523,0.30795885521075317,0.35236621624720743,35,9,0.30372125993664906,0.14561498582015786,0.4614897936667007,0.19549226130570657,0.04072265202286687,0.03495978110900448,0.18303556374811186,8,BEGINNER
0.9352588035374211,1.0,0.9623643985053957,0.7863630685156653,5.891564424330867,8.422357670252943,1.0994726605755416,0.15386120651745153,0.9616502328582799,21,6,0.7993651964986822,0.6212235936801153,0.9251781276808787,0.7571628388454363,0.12072883731985737,0.06308244311615764,1.0,8,ADVANCED
0.6123998156350904,0.9177022828497163,0.6667284567900279,0.39985465022629624,17.63542180184723,18.38528002021409,1.4904806633250491,0.1870554033084835,0.6493982762904827,20,3,0.570482323716712,0.4723366664890464,0.721279571524711,0.48346807559599214,0.015044545039183387,0.010235271010190065,0.7369043465879608,8,INTERMEDIATE
0.3658124184867629,0.6078876586085245,0.44702659939619643,0.12456230175736839,25.72297842918482,20.995909452051716,2.188869500320848,0.24693619764820635,0.5664859212929625,13,7,0.3708166963863639,0.3442462634507961,0.6560904284875045,0.3763873313649564,0.1221145510450854,-0.10629806408846894,0.4082082771823625,8,FOUNDATION
0.8647105635271283,0.9737385736417732,0.8702882892137562,0.6080079206441378,11.448024421119724,9.617267982705133,1.217440363697203,0.0752821571277592,0.9267945273081959,48,3,0.8287305086372735,0.6710323272719334,1.0,0.9517567333160672,0.045849610888868596,-0.042620559224277224,0.8357290928947667,8,ADVANCED
0.16477516578348528,0.45051020804723413,0.2193242088563815,0.0,38.11737698010467,36.75333055631534,3.6646746585676517,0.8651206168139507,0.36077640344953077,36,3,0.2712456444475691,0.06252687466483883,0.3866061070630439,0.3348401085858212,0.1146827196405735,0.07597830584905463,0.20685247386587763,8,BEGINNER
0.23664558038830424,0.5015045802086658,0.2743447942915355,0.10356511063223481,35.26318117478092,34.595055215299666,3.322999898113299,0.6643310082698204,0.4042406766352682,22,7,0.1702553047725983,0.0,0.3284559136778124,0.14562418395959087,0.05965979359555309,0.007658833476172137,0.46900261932781073,8,BEGINNER
0.8082314692163509,1.0,0.8290331688457813,0.6467397991595422,6.715882350119574,4.898101895466439,1.208853106235981,0.007821806261424574,0.8011138459001529,43,5,0.9864168828363938,0.8074950226924518,1.0,1.0,0.11000759390475086,0.10422231697054181,0.86049975746103,8,ADVANCED
0.3827916149725306,0.5859402923565641,0.4383305572489016,0.042809953266458395,23.667996195426767,22.409976429938723,2.2477880714671725,0.45117940043778554,0.6130062505883174,35,7,0.49881263134816073,0.2794597264707691,0.5280942617484259,0.5366594403377218,0.023161516176339773,0.007619423177927447,0.38617614542420703,8,FOUNDATION
0.3465925348639114,0.5173877372080872,0.3526658175349357,0.11321399700216522,28.235203670392163,29.49774681323636,2.7564554609767495,0.8382839343508948,0.30549619778453446,33,5,0.12629576720196198,0.0,0.26461415773959507,0.02152492002573972,0.01695189380204676,-0.016605438734418537,0.3366810216873769,8,BEGINNER
0.3013006192691288,0.43778743512340684,0.31532328863141124,0.08979047178199069,19.50595525640393,21.77267846109268,3.036468382760796,0.8950899960621591,0.37994282260476747,11,6,0.1954357892294785,0.18601735108390055,0.3753831056290394,0.15923519396021255,0.07268066253210849,-0.06257698567150954,0.3696699028082334,8,BEGINNER
0.7215893068177807,0.8111109927538386,0.5906221342410484,0.5060311514335685,19.526863282828085,18.028125475455866,1.3071994013304644,0.035449544685328516,0.7540038069323935,14,7,0.8205684041125787,0.6057832600973042,1.0,0.8525677996742521,0.02093319068453466,0.04228217522450496,0.7350962506086787,8,INTERMEDIATE
0.6540797000188087,0.848496734593602,0.6228927014182615,0.5261989966563115,16.90335303507344,17.201257967877602,1.7777949778170452,0.18502486874399912,0.6802330552941497,28,5,0.7337237067710614,0.4583352963585914,0.8533489638781137,0.8181439473121833,0.1438857876975713,0.042363327912553456,0.7156361791575171,8,INTERMEDIATE
0.18416713011276073,0.4236832843565457,0.25082532341342534,0.0,38.65060461970369,36.24359223340365,2.9907147258366855,0.4968458489812154,0.35709306885038966,34,3,0.15919006093287014,0.03825468902475394,0.27952548374445413,0.1722652593557387,0.045592785999256216,-0.03718356507695292,0.21631432704585302,8,BEGINNER
0.7419644713425977,0.8670377277391357,0.7451906409002191,0.49627391405969684,12.951018394839316,11.979416836984662,1.7944359490642823,0.021531030771791512,0.6574233586539256,11,7,0.6028382175850971,0.4356883404100267,0.8357012927541385,0.642765005048717,0.09447016615828975,0.11853391957332456,0.9121626904465847,8,INTERMEDIATE
0.22990218152822522,0.30570562800025547,0.14679059170704845,0.01559379985859663,27.199493852017874,30.763125306489844,2.7086205696345003,0.833740287489054,0.16060524545062793,49,7,0.18922148701519556,0.09434692117915007,0.3494601512696752,0.33737206468835096,0.038868015640713426,0.059198657149630754,0.1574918885229127,8,BEGINNER
0.20059056646887927,0.4608962029458491,0.15292988040350602,0.044119969474148375,26.202544189620358,27.45169122412365,3.5220015940988327,0.8624800079439147,0.15012782640633254,27,3,0.23111708353628518,0.02468549932858204,0.3367088591438503,0.17819824425043596,0.13055309989584746,-0.0013555274366315942,0.3367159918917799,8,BEGINNER
0.3475767849174961,0.47376281538372983,0.27887229112057327,0.1441875773179459,30.678998029695496,31.901432845571854,2.530042169324897,0.8485559008151438,0.3906784572410716,32,5,0.2886180913478901,0.07451463294993008,0.4016919112336507,0.1556390853417727,0.09515958892456267,0.022375731738064425,0.22048777006350345,8,BEGINNER
0.8272295259878976,0.9629724387832013,0.7723999976884101,0.558433935353773,12.613390736309915,12.38259418625082,1.7751689337066539,0.19320233308922743,0.6958309257888355,15,5,0.6402430053917773,0.4411286408727898,0.7708219201178975,0.6170128322682136,0.10798494545770491,0.041105905745223104,0.7109281998363134,8,INTERMEDIATE
0.6527262316629536,0.7630536020518994,0.6435510138392644,0.42868732504154505,12.328055564148283,16.31161235327407,1.0498685398800869,0.19999623216972467,0.5874037287009565,29,7,0.6678590930792683,0.528007559774879,0.8171901900159751,0.6476410001069407,0.06843841517129598,0.02211248022134175,0.6005215863287297,8,INTERMEDIATE
0.4650472025602628,0.5789229576017287,0.5402920083288774,0.2727058877543404,19.887909281282436,18.991303602243033,2.3038911512310065,0.42442358766258254,0.5394300838020596,11,9,0.46164116571553976,0.28584855905994627,0.569438932752554,0.2291130059812586,0.10012919538947249,0.010944521879774523,0.506835905983158,8,FOUNDATION
0.638090848698259,0.717369887855025,0.6580652081701449,0.3861409943863524,11.752205602370577,13.473414387814193,1.2869567384792824,0.2770182493406707,0.9095803009858916,29,7,0.7549240866041527,0.4942642536584242,0.7517499903869773,0.7100116368877765,0.12397510004710921,-0.015103178117765601,0.7422195270403682,8,INTERMEDIATE
0.8235085393654599,0.9629032590927097,0.8477402617503648,0.6395425555533774,13.064325987152696,12.28850015393249,1.2744038745685868,0.28361629878332645,0.764121873806312,18,4,0.6844166297829204,0.517409066635203,0.8282454087342985,0.6877390974058717,0.10063961894311636,0.06581894136816653,0.90513258756989,8,INTERMEDIATE
0.6238205641574355,0.67508969751006,0.5895218597133187,0.34205605823367563,11.903843265227193,16.43955446866536,1.980774529021678,0.3282577725183126,0.7574643084516135,47,8,0.47114789547844904,0.4077306627438698,0.7861940891846441,0.4960994381368346,0.12569432622541274,0.025398990644252134,0.6510060110948444,8,FOUNDATION
0.4147662160915946,0.4346946455654544,0.4733516855269928,0.19917568739666822,13.785623895156302,17.117408635070074,1.8840086472145707,0.24149830392295688,0.25636974986237243,12,6,0.32323098791346483,0.12779210917149236,0.5175699530801718,0.1519714667407946,0.05829195913395612,0.043893946804802575,0.22706809191948768,8,FOUNDATION
0.3911281858083852,0.46436851642015387,0.32242092222540286,0.20480768781236636,36.38474735934456,36.55144089153717,4.127160217377093,0.6132525821268289,0.4271291457119638,29,7,0.2597270883390477,0.06173750380994088,0.2756470488542878,0.2210272034192859,0.03122760384009363,-0.051797748901400806,0.36902124302584527,8,BEGINNER
0.600897817119417,0.7754336893656157,0.6446572661598724,0.4280136015302983,28.132861257249992,27.062442691959458,2.357575966012955,0.3793994076539369,0.7438990806494719,12,8,0.41153801130425754,0.21688160826942524,0.6390396772171795,0.5745773455873424,0.14022488614078632,-0.005997091871110364,0.6262088382653571,8,FOUNDATION
1.0,1.0,0.997768829158348,0.7279145254485481,8.489625539409447,7.719939391762898,1.0,0.002782439455997228,1.0,45,3,0.9148119815590584,0.7763370184657955,0.9657405949171334,0.7813302231765167,0.1424949132136106,0.11912565318489383,1.0,8,ADVANCED
0.8477291407392119,1.0,0.9237042819172626,0.595993748111283,17.45133348723388,19.063515885825876,1.367311504572092,0.2590331498356818,0.7476460613748732,48,3,0.7224640055701569,0.4745757195903696,0.7927492768175899,0.6730906288161138,0.09346722602441618,-0.007671562298761005,0.8260146646459328,8,INTERMEDIATE
0.8797664375048537,1.0,0.8258297449927547,0.5687844218758539,20.518803276409418,18.69540724403019,1.3852483687003216,0.19991970654140737,0.7091804571250376,26,3,0.7212854139721863,0.48888946023666446,0.8150393139171915,0.8104259484544732,0.0708866902331303,-0.05063942888956384,0.8429304345997958,8,INTERMEDIATE
0.38925707899402945,0.43654064334458853,0.41628399816660067,0.18951402076699525,19.80638762562981,18.015729379249144,2.2337130792188793,0.4403395258622949,0.38793049012247255,29,8,0.44608755946677325,0.29191218693064275,0.6715986359588716,0.3768456420599212,0.01833795544353433,0.06071614257038886,0.40458004274459214,8,FOUNDATION
0.5351726744909013,0.6483466683390261,0.5312369730708248,0.3082822136524521,14.288156815218784,15.447772170803315,2.230181833301901,0.39187090830161253,0.47046131937771707,48,5,0.43198703335338373,0.3801917716230957,0.6478437535432411,0.539696387737436,0.12040152819563549,0.026062186591018974,0.49620439162703267,8,FOUNDATION
0.3762143638570321,0.6005155707420434,0.45485615638385307,0.1883667065688566,22.552242607618467,21.86388319618412,1.6708991474165122,0.4176005336344675,0.49212501119831464,24,8,0.3769809607095264,0.23179163103421477,0.4438076500553279,0.18487631182322004,0.07076707933689437,0.04981667919327369,0.4933944508940676,8,FOUNDATION
0.6207533931365343,0.755602840059934,0.6932658960588611,0.5077682334357814,9.218526908528439,9.746525606857942,1.5354439642638031,0.14494027302639576,0.8619405252400638,28,9,0.6878335186703198,0.4604203600237104,0.8204309309560345,0.5434840438648153,0.13059353451169697,0.10704290385072175,0.6439111495894426,8,INTERMEDIATE
0.6152979269792288,0.7549577555156683,0.6356307089570629,0.38593047185293994,16.9276275921403,16.582941279882913,1.4050093040211185,0.22187921841903618,0.6223301940887701,11,8,0.6930955619761952,0.43265510971820664,0.8400302800094533,0.7980433575369351,0.09109635614222143,0.06710871517969344,0.6241291895854431,8,INTERMEDIATE
0.7295781989398882,0.8116877418493746,0.6596642094834569,0.5490198805864976,10.244051017356803,12.92043552057115,1.6471564453372822,0.1307862173672789,0.8224965372022617,12,3,0.6633567246424278,0.6399821960026695,0.9004987598977368,0.6090736307897204,0.09997451113564523,0.08164333956933573,0.6575303956780707,8,INTERMEDIATE
0.8525970494789493,0.9526464190075281,0.8694052070069057,0.5027327303804701,13.648872269049985,13.235623366252014,1.6051828535316703,0.2401606076734107,0.6347204529822299,32,5,0.7635882061313308,0.6347199477220824,1.0,0.8765924150712967,0.029333551643368354,0.04240491066755123,0.7278396602349826,8,INTERMEDIATE
0.7714642867890233,1.0,0.9143622947936744,0.6401889085058643,11.869777179920108,12.624663017797417,1.2932047877469086,0.0,0.8044662501650989,46,5,0.8250928247633368,0.6917898615190486,1.0,0.803787046627368,0.05813640006010726,-0.045598077268306086,0.903077625713452,8,ADVANCED
0.6891478114737616,0.7021810501696633,0.6108525523656125,0.4247006582734042,23.184557117451273,27.443019152815438,2.362787874988601,0.6082180195369847,0.5576069807844959,22,7,0.42903157554501226,0.21637332153813246,0.6018559099068438,0.3251648481024756,0.1458610042065476,-0.050483964732982445,0.6810945919416223,8,FOUNDATION
0.5736882853896904,0.6708080221731141,0.6194224463640364,0.43590764780548436,19.207797951365375,17.26101243819848,1.2589051063946044,0.2955880980573367,0.5568380760641831,43,3,0.8747939535854353,0.6666977518599259,0.9240978539427431,0.8376383592597119,0.07882577147261911,-0.0012624172864753383,0.668419195602843,8,INTERMEDIATE
0.5788239050104866,0.7332230979996468,0.6050522038464484,0.3622541883978986,22.104029233191508,29.08516834998177,1.680919211307382,0.293842693712038,0.4846422165090224,45,5,0.3199408302356176,0.1795278284373806,0.4371647148365695,0.1949549112993238,0.12005106115107633,0.06328170924098368,0.6856264926516705,8,FOUNDATION
0.7051443371991393,0.774644680747708,0.70445233395168,0.4934527029447199,20.423327079539295,22.718253992918054,2.308816088050735,0.23665168970174133,0.7805092136461377,42,6,0.3450124074473693,0.1994481680051474,0.5839644002708678,0.35261948281501354,0.009217187406638837,0.03488344576563972,0.6215254900959633,8,FOUNDATION
0.37597863622723626,0.47812898390667524,0.34274734069264,0.15974156714640775,39.32300122185952,32.158926017796205,2.3453938851749694,0.6421838461422131,0.3884909658100031,16,4,0.23141425452621406,0.008690549298298097,0.2835672850281106,0.17455235892402232,0.037808539281607025,0.09813743925265059,0.2688118919319424,8,BEGINNER
0.6416273065922005,0.6643490409193404,0.5108314688347947,0.28037491388390556,26.742215072942994,24.64039666359353,1.7319354288565678,0.2625740204696575,0.7210578430513639,36,4,0.468814616504405,0.30848855575039597,0.6420322158219417,0.4188142270227418,0.14971951738857378,0.03730734719762007,0.5096078977001979,8,FOUNDATION
0.8286011684469792,0.9799511679637953,0.8387645978766168,0.7139913541863926,12.889555221419833,14.15904252794346,1.4081270677606739,0.06078272499374873,0.8137633067076764,15,7,0.5755450829617256,0.35521938424787974,0.7612012730938419,0.668298786678254,0.13807539392004273,0.05728179164014015,0.9379316216255573,8,INTERMEDIATE
0.6857784070329198,0.7654378845799048,0.6611860860028276,0.4592142846690007,12.654916822464692,15.535896677070172,1.3601550974093293,0.0,0.9277912586896292,25,4,0.6463266868832207,0.4548288894137308,0.8502703035561883,0.6100275528716494,0.10561245538509445,0.02235601359054619,0.5525024184251581,8,INTERMEDIATE
0.4666538694494087,0.6087332064902022,0.5777481305993464,0.23601687227838533,31.586867428363686,29.733141452152562,2.3976184804517917,0.5839921164991353,0.6234150900963535,13,9,0.45079384191690225,0.3527314507232513,0.6309658828686467,0.4635150286421356,0.013989329686339346,0.030212747132851294,0.4374574536502231,8,FOUNDATION
0.2976853658447052,0.3663912016830897,0.25184904370517813,0.30296205504199764,38.18871148685824,40.98658810099351,2.340394836105197,0.7232170581637802,0.41032237612530326,11,7,0.15717388649142705,0.029075245454927248,0.2749631972149907,0.11118751870783913,0.04311683960858776,-0.019994033275667334,0.19995271152600108,8,BEGINNER
0.668501290063846,0.8453094705666087,0.6259605219006439,0.4373592664827207,14.440739885854546,15.62543982406431,1.591823543547806,0.2930488075125759,0.6834341400361286,25,6,0.6327976586485277,0.36004764847440796,0.7296512071350657,0.3840474343120719,0.05256134172270576,-0.024879450237843107,0.6362562678880249,8,INTERMEDIATE
0.78367821534556,0.9581324406217129,0.806721815177098,0.6379806808371261,8.365658679776669,7.691802873358922,1.0,0.07770765495893879,0.9813145917627671,35,5,0.7640410620291885,0.7138159722740937,1.0,0.7133738415017798,0.022552518887884537,0.07177825338887049,0.8646553673165306,8,ADVANCED
0.3759911694101783,0.5662065373745724,0.3864069016607675,0.2070136294942732,24.649090982897228,26.490048258975335,3.1583764642416323,0.7658792048230962,0.2874249620072263,43,5,0.01422418050777266,0.0,0.20704314145319977,0.13148099466489022,0.03262580005317508,0.014201437361926802,0.4385487140490222,8,BEGINNER
0.3641865399897288,0.4788723408120928,0.3679986649859693,0.20753101573216218,32.372182548480914,33.55200642338426,3.359470134394322,0.47142402940519273,0.34479392985538626,36,5,0.24604019903415575,0.0,0.28263512236207233,0.11922184341747341,0.12114691919948581,0.01944487046885828,0.4609819520033338,8,BEGINNER
0.605560394207359,0.7200546035230954,0.5951487336670308,0.3766762564533108,18.78630854957476,20.369360951175025,1.6155252091395433,0.6512284162306159,0.4822345808982295,40,6,0.4755774191871124,0.30069829862225933,0.515044366614917,0.5174693340184078,0.033042925162009885,0.12690276058170022,0.4933283577173825,8,FOUNDATION
0.5440551125666401,0.7308223745378558,0.46877007810443666,0.3362204132696166,28.006165851745788,29.61351384731657,1.9018133373277972,0.25794363685068666,0.4087181329057468,40,7,0.4511259344185628,0.31123073219452907,0.8000738847293826,0.40268471945803025,0.1149432206384738,-0.0381549592525527,0.3259636390839241,8,FOUNDATION
0.4373672515021374,0.5955710965172355,0.49272384314943335,0.24251372211740324,28.86182833162081,27.864043563890498,1.4917819040223934,0.3033519577465769,0.3863429942786062,40,5,0.60449119200969,0.5416844899300167,0.7571836887724129,0.7236476128668625,0.09925531389633084,0.05603636191480342,0.4623831688916053,8,FOUNDATION
0.6364739167896041,0.8372368846909517,0.5835923795204285,0.46232342798009385,12.894002111245124,10.813858167882563,1.7045649624239183,0.20239348648446454,0.6315730740802237,10,7,0.6374886159841964,0.4677419775821102,0.778242490383167,0.7812252012205565,0.03190308382685628,-0.03130309154461963,0.7061155229481945,8,INTERMEDIATE
0.32974875754684047,0.42986526869005204,0.27217968550712024,0.0775537715839819,36.2997490514969,38.07361495170297,2.9632272784194167,0.6020687895119434,0.3099671388489622,18,5,0.2993073425065159,0.16273289056342663,0.39873693728920234,0.28435125413119144,0.036874690243495656,0.10824859270632223,0.34571345132854736,8,BEGINNER
0.3330497271130292,0.3877011547575307,0.24811440633400475,0.10348881946872276,39.07023821485386,38.42792417321987,3.5001391515956013,0.7605762645684718,0.10954539487716086,20,5,0.24546767042748024,0.03948497322791251,0.3723788601867368,0.2380658568195714,0.13254056168446293,-0.069903917997144,0.14337013524843117,8,BEGINNER
0.44238596290167853,0.5130890166107462,0.3299958372269426,0.12597539324984247,36.293647325972785,34.852331449366325,3.960933139070892,0.6197102771942529,0.1771625012865462,17,9,0.05616047353645662,0.0,0.22236139416304065,0.0711290709299762,0.06283045795908308,0.06995747973085929,0.4136582960349721,8,BEGINNER
0.7817762014005176,0.8788296752617514,0.7000752455924845,0.581821716503946,9.288295420030659,10.424981416033576,1.4612406968074119,0.1957169338332228,0.8468215271436486,19,6,0.740686902553949,0.6334683998286024,0.9089182906483395,0.6345902246739306,0.08883002700127711,0.0041646033837042795,0.6559453631808494,8,INTERMEDIATE
0.6826118857740954,0.7597372679730169,0.5654547092491101,0.3377627589915462,26.597835875698344,27.732028987656665,1.6718703842810658,0.3547732665764584,0.7725701559943426,31,6,0.41677521227984154,0.3406911352913007,0.5512481460834215,0.4780904166236589,0.08589342347848726,0.0006579521006747149,0.571377834336163,8,FOUNDATION
0.08376094264930448,0.3354358946315135,0.18742218938486827,0.0,36.90256225936726,39.85695665657322,3.0076717769701706,0.5963593120770648,0.11623131990864279,25,8,0.161129854319042,0.05085148070591674,0.3354635121042632,0.2255678882555997,0.016002957633986976,0.008943588604293905,0.13561226163542486,8,BEGINNER
0.6187660485297203,0.7347754919599658,0.5145925939564923,0.3579733645962097,31.109715121736276,28.916078450271215,1.954932306081551,0.3908549072921768,0.4747741895770659,10,4,0.4642145079160378,0.38518097535610285,0.646096486826347,0.6112892041601996,0.01120093952970938,-0.008075601072224579,0.4689493863211952,8,FOUNDATION
0.5315540880371309,0.7020433020554222,0.5157284180621257,0.3143636951309583,25.57489412464166,24.54926354083288,1.6265297323388686,0.34525588394218015,0.5156586219418989,30,7,0.4861074864632736,0.2941575168857059,0.5523133920878025,0.3428178879321955,0.03578557859185397,0.04552199890004969,0.572752575274313,8,FOUNDATION
0.37484794798042637,0.5460642005021069,0.3500411894387686,0.1545987715225784,15.659338454252897,16.081077362346637,2.038786956106863,0.3354190043460707,0.1685139920974425,37,6,0.4086724071710335,0.16644596165248363,0.4826626631597025,0.35573749073909294,0.0654589889144763,0.04066127248430178,0.32479412184963974,8,FOUNDATION
0.1446965841490509,0.32048919964814154,0.09009570028702692,0.0,30.82815333343018,29.625767115963573,3.4802656908717147,0.79103316449328,0.15666143613833286,20,7,0.27065888083628536,0.0644456306935759,0.49920324236807867,0.20868016394239033,0.1191123065215092,0.03492139497414092,0.1975200867356707,8,BEGINNER
0.36044247211437475,0.4257747887788763,0.3395379319951357,0.2363449209281412,30.68944341754185,34.30353862990677,2.6148757422907045,0.8807451874297713,0.4124440394733781,41,6,0.17785524835634994,0.042989116214424555,0.4267721710205412,0.08601156422939538,0.07481089962185071,-0.03990792062375054,0.43635227624894074,8,BEGINNER
0.5861700761252527,0.7553202833727403,0.6163634923931997,0.4066387495346236,19.892050652475415,18.993695585695164,2.4681656205211078,0.2165560333397885,0.5594589652577144,40,3,0.5783086180296363,0.34873281342452916,0.6411360896117366,0.5055916692441531,0.10102497912277036,0.02345848965179916,0.5656441523917711,8,FOUNDATION
0.23138822180171034,0.37469546018717065,0.2698298540176095,0.0,21.00978648893696,24.86528015716609,2.8302347549078326,0.5941991960435837,0.24252201583400926,12,3,0.2753189635117151,0.10497570814481441,0.42865892571757286,0.051177254039846465,0.10827146938285755,-0.009568711169596903,0.1608783357233668,8,BEGINNER
0.3148191049234678,0.6153734362765201,0.46801141320559575,0.28594709601765034,17.659742797372143,20.524814142460045,1.916549674498268,0.5014520786474748,0.6233596781665793,13,7,0.4419930319094788,0.35637639217877054,0.6922432376023577,0.5340017722462896,0.005301156691458864,0.0638954898876501,0.33558822968126734,8,FOUNDATION
0.19612467898279867,0.4697811008906607,0.3259838437735466,0.1034149208247683,25.470816388076305,24.570391814362896,3.879008073661346,0.7755738092008516,0.2571869598416766,23,7,0.3507052333079084,0.11223462979181528,0.41088824564907067,0.04373798377753807,0.04424735758834867,0.04830604734749539,0.28305760770303107,8,BEGINNER
0.7792509382218706,0.9292510759405345,0.7721667359560477,0.5884279174815005,14.969590190562002,16.117885151647144,1.327955921921515,0.1629798836072313,0.9313757689813882,35,9,0.6041513679537476,0.44272469993809827,0.7188616625940996,0.4211016584017292,0.07549650463214234,-0.009440078330975033,0.9254122444544035,8,INTERMEDIATE
0.5863453449919163,0.719763159651887,0.5314961740091274,0.38707645867679735,17.899634383982768,17.23084534841164,2.3897244646738613,0.3500347630158178,0.6676356161623958,31,5,0.5165354834228785,0.37173336546461117,0.6604055945338119,0.4292336937317526,0.14463389338151258,0.006233873595642311,0.5771437243468958,8,FOUNDATION
0.8260483890603423,0.837260075722549,0.8958985851590755,0.5633798128571638,7.495968324309028,14.84522973016685,1.3154543170911819,0.1927014642703042,0.8521232810072016,38,7,0.6541780690924881,0.5461535323189847,0.7486723653360202,0.5619601789342761,0.01576735174484001,0.02309158360090599,0.7610862250412682,8,INTERMEDIATE
0.5802823039820836,0.8067166247624006,0.604971534776671,0.3866113430336917,18.77512106981666,17.817377284866346,2.030432155364465,0.290733469080056,0.6174689155005588,42,6,0.42924344179435503,0.31209584196472573,0.5715993018283597,0.5043340820098379,0.14375258445020891,-0.02953567606940472,0.5715429339261044,8,FOUNDATION
0.8686530737100078,0.9911997806612975,0.8893208981577868,0.6317700322132336,13.485164022434603,13.807579667391053,1.3885188977696092,0.0,0.7988433097085215,18,4,0.8447981368318728,0.6320882922952678,0.8785978346133599,0.93789909575019,0.13474926538857795,-0.020550261973194383,0.9376521554922665,8,ADVANCED
0.8177551253768559,0.9606087580193703,0.7525557392490599,0.6636666227802149,17.12515329400112,17.846055269673467,1.767477698835773,0.27323834750205894,0.5967987528939451,13,7,0.6981687380881418,0.5439785363936781,0.863420035617822,0.5794542285914485,0.12245072803563657,0.0049334069298308785,0.8186442183538337,8,INTERMEDIATE
0.7322343044965827,0.8208238899038298,0.6459210429313779,0.492487133333246,18.489450846076135,16.774686066039692,1.5401259263303935,0.027311949509438667,0.7438720323454868,39,7,0.7304194058368038,0.6083988550348812,0.8663412013280337,0.6923391396768457,0.13597504147701103,0.002526438104131168,0.618275984402195,8,INTERMEDIATE
0.2727073828712969,0.3820161379006773,0.2043706776686015,0.0,37.50798935046895,36.70216737559719,2.170944589529032,0.6878016125246205,0.0,47,8,0.3169944244701029,0.09276945167078215,0.40770551997461557,0.21856491956804414,0.0035008024245970657,0.0897853740933753,0.25449940914468905,8,BEGINNER
0.5892346474536339,0.8544928473339001,0.552057067206195,0.40416887739477625,17.45300072166348,15.895038550649389,1.7544765119455903,0.47627956496811535,0.3446344334100895,38,3,0.5331745593086721,0.3889560726776165,0.7265739052492214,0.44518517038243677,0.06845648898719177,-0.014974475252534983,0.6488770449688009,8,FOUNDATION
0.37455817400434416,0.5369663488916874,0.4248434257645789,0.22642292670198794,14.063843553835422,19.172172644769795,2.2977953185975797,0.5112531199729735,0.3732802655705331,48,8,0.5955023634788053,0.35561015587981326,0.7225459202043799,0.6495637597763904,0.10893385570408362,-0.05371914346590741,0.38297720807751195,8,FOUNDATION
0.591599512822585,0.8298030119274908,0.6334901721142762,0.44783570779579285,16.186588187177904,16.941355297887803,1.5491068529419003,0.07853600487289054,0.5953647240221553,38,3,0.6931662868784944,0.4759115146191528,0.8479583892749932,0.6920622977931022,0.14280598868187613,0.03042286085261832,0.440775387019893,8,INTERMEDIATE
0.5498205407106234,0.7003313183092145,0.5785335825069936,0.2846990806332173,27.652900623044783,30.30843610255151,1.7884394547183924,0.234936994713858,0.4368404122922978,38,8,0.6134621601324658,0.4252254016609823,0.756228059009605,0.7553313885062893,0.06284293428987908,0.07354411460857345,0.6098911921655851,8,FOUNDATION
0.7211017370448047,0.8765169154417648,0.7184107349970226,0.48457980700703057,9.606047856620602,8.3905325570473,1.8214084970785573,0.14420510438011092,0.8512900546223879,38,9,0.5469644639921869,0.3173529965266572,0.7490511261836064,0.7139580255798782,0.005588581603169945,0.015778160682223433,0.6720313367135905,8,INTERMEDIATE
0.3324433569785617,0.4799424161422723,0.4847567675617662,0.1565981918825671,19.612735447932533,18.554313129414055,1.6409009376565173,0.2972022032948534,0.4563694629032572,15,6,0.4592281551027173,0.4389226867410144,0.6022287774058845,0.44530326314849183,0.12174529799470599,-0.016478053907379563,0.16209562883623035,8,FOUNDATION
0.8054254595513578,0.9227164362631426,0.8113682183339617,0.5611103237891314,15.972360681141542,14.35617427468346,1.6266944684260267,0.2199404648950845,0.8787371321182357,10,6,0.7923432216160654,0.7276446481266102,0.9296631247492935,0.9408728015245467,0.14749823964558534,-0.006592181140561374,0.728876846300198,8,INTERMEDIATE
0.5753965563548359,0.6921142979319065,0.48062250408829893,0.37926530080188253,15.457957549778296,20.77620004191732,1.808662120138497,0.4557217154621237,0.46957832241270425,32,7,0.35107274879980455,0.31550164660872776,0.4935446559016999,0.4228219022051384,0.023784784416652688,0.04605143446657019,0.610027277990713,8,FOUNDATION
0.9789511964204971,1.0,0.8359681106344979,0.644859819907903,9.496566150846544,10.033566511392475,1.188765568923878,0.10807690305497791,0.7582799214333977,36,3,0.7915524601464106,0.7094839923547329,0.9837930332477542,0.6834828997576116,0.016402023494728368,0.04874132422309311,0.902275145492617,8,ADVANCED
0.885164324062552,0.9979762999406757,0.8097904182554364,0.6956928575691875,13.35193431733142,14.803148311427346,1.1806509993188492,0.0,0.8863697074207054,46,3,0.8605205955455302,0.877668394162512,1.0,0.8995597733923107,0.024272121074671093,0.08691899518819787,0.9955872392122621,8,ADVANCED
0.639602305168139,0.7936238274270162,0.6856739414990998,0.4558288942667824,17.612295801407516,18.512495063545128,1.4457420152859513,0.005740629726596322,0.7204725360818499,24,8,0.5249922620184194,0.5006332764859185,0.8021128136747261,0.6660372855985308,0.08887283714291812,0.04548315538550616,0.6959074727102305,8,INTERMEDIATE
0.6796092097863531,0.7853823988594582,0.6250983367540572,0.39144445617956836,20.587405073784943,19.87261931053833,1.3649194262559814,0.21954666109931004,0.5832746087652867,34,3,0.6712971170083164,0.6178565608832743,0.9045999088504324,0.750152510602461,0.08011350910856467,-0.05155933829234435,0.5983143049129016,8,INTERMEDIATE
0.7926412338325112,0.9946836120583795,0.9364432582736082,0.7140192796004321,3.71335913372313,4.831582631554068,1.0,0.0,0.8005901702701619,33,5,0.9455079172650618,0.7299246970236554,1.0,1.0,0.09693498221270759,0.09208230916711004,0.8998772725866584,8,ADVANCED
0.5811178425956319,0.7256053614321594,0.5719800055684209,0.429000540565535,15.250178996622758,17.181107316904356,1.3235922795142292,0.2036186649167411,0.5773380377872634,13,7,0.7559765939530235,0.6417380335509729,0.9319176451534513,0.8663806905503854,0.02502574374624365,0.015919903782647005,0.581831751521144,8,INTERMEDIATE
0.6375082679575287,0.8354912321178724,0.7468163324074257,0.42416497792448515,14.796589750720461,16.23917375774015,1.2692536700544241,0.04735489276819495,0.8413538728581851,19,9,0.5360248787731178,0.448280239006745,0.6538148072129311,0.4952631156432725,0.0321131202882782,-0.007888768125938146,0.5663708464047141,8,INTERMEDIATE
0.6937830284549711,0.7852366988821875,0.6591720559544012,0.4310955449122528,16.559725096580912,17.06610652163475,1.665842663350753,0.23465925050344777,0.6359435857336183,44,8,0.7006681526956444,0.471941457488201,0.7940217674561143,0.8086222690449953,0.037808902780433626,0.0169565215034471,0.6587028589401503,8,INTERMEDIATE
0.27357587848636933,0.513985023228981,0.2731224124983244,0.20543024621605785,38.83274643198979,39.99667094315297,2.282892956037193,0.7299623924079846,0.4772758344095752,39,5,0.3028087251368166,0.11565626333493668,0.39171080396850233,0.18523856343356382,0.10044766834554149,0.018622203174221662,0.29249370424956805,8,BEGINNER
0.515117322212944,0.586056872550694,0.46138554331977333,0.2560450454845365,29.305053471266685,29.06705695804711,1.7383195951545227,0.32388193290059913,0.3579315256255431,25,3,0.3965733422788837,0.2233167770296738,0.4766373211252517,0.15496512944432367,0.06950949699089999,-0.02695316249698496,0.34521294887356224,8,FOUNDATION
0.5119639028782438,0.6589184118160364,0.45455288283341455,0.21797812035723443,18.392110627589947,23.092181898884064,2.2910113141035713,0.47306202552290555,0.30054548553061466,11,6,0.4269790309524424,0.2605066495148583,0.5375042315935709,0.46999908107695987,0.0760815156043387,-0.0013381414419284011,0.4659224058515811,8,FOUNDATION
0.6354997069708755,0.7308194352212938,0.5406299023367396,0.40587835943388145,26.458184823607223,27.98134748690916,2.239545519066735,0.5359945444100281,0.6717654632049203,35,6,0.5336561407751773,0.5066960158582724,0.7020087715099619,0.5808459766172822,0.14074281227289157,0.09894280601867418,0.6735850257634712,8,FOUNDATION
0.6177574864872155,0.7348781797696335,0.5606312825085755,0.3704712438668232,30.05934114908302,31.23399295847744,1.8178300623563457,0.5645959452332112,0.6232553353962849,36,8,0.632261745742576,0.43735907448173444,0.6810135903006045,0.504750812800016,0.13894800731369544,0.07387082494260867,0.7051037950123321,8,FOUNDATION
0.5715139273818661,0.6438936472012202,0.46905963994799377,0.28119281018000225,17.101177088823366,17.80584589787653,1.892123285259083,0.3912157657369216,0.4857513045818247,25,8,0.4143644604206747,0.3675784418340367,0.6224529946621656,0.6300658415844974,0.04582331331005245,-0.03206895442607621,0.52678344566072,8,FOUNDATION
0.9096872214961631,1.0,0.9399884406911182,0.7507854365122947,10.154814761311382,9.749395944275694,1.1056118963030974,0.03226107810125514,0.9169398720306098,43,9,0.8378546874891295,0.7262394603726103,0.9327513529070067,0.9019917764721875,0.13725401708885931,0.06651458546448093,0.9301944448630083,8,ADVANCED
0.4433193075034544,0.6331374846504878,0.5553702697336313,0.23806855858151077,16.764761795212223,17.887555011619206,1.8914535986021106,0.5257780281732504,0.6227908345558166,12,3,0.6151795272694615,0.5066064449239674,0.7252248058457313,0.614052213192972,0.09848658831353942,0.004924317773065255,0.4818714809321336,8,FOUNDATION
0.7351479205505038,0.9684575226306015,0.8360506198886668,0.6191539528162673,9.607457354221575,11.859418933317922,1.0,0.009329486029539043,0.5886779071203441,19,3,0.8535687304796703,0.6610627237939778,0.9887713188832468,0.8885211508764344,0.035478021340983955,-0.0685387211295528,0.9196588204485445,8,ADVANCED
0.45483975495912177,0.5589045174225364,0.4192773914113445,0.13316223666995566,23.26488568479965,23.855469312272337,1.5857854680288386,0.2619583366156166,0.3346689675824045,42,6,0.5921847574091799,0.3834213931414343,0.6362349609505602,0.6522322487531306,0.14794870629686938,0.03061630703339495,0.3093735241668455,8,FOUNDATION
0.8247304791830126,0.9480021701686585,0.7831213545051727,0.604545300685971,18.45922310627917,19.10187537367855,1.2676498728361056,0.008956867701786303,0.8860730835519762,41,6,0.7885148127304779,0.5234539046506409,0.8750232456703553,0.5384081431134221,0.12243790672956231,0.023036806279065222,0.7150379722284976,8,INTERMEDIATE
1.0,1.0,0.9041162514468541,0.7829926163844547,8.092430061392639,6.414438442826492,1.1553160576279462,0.111315733395084,0.8653120262900692,20,6,0.7758134208425284,0.6702028983358792,0.865305940099616,0.9057284070187994,0.024702740949164016,0.06536368423958543,1.0,8,ADVANCED
0.17569491413034607,0.2783339563263852,0.20532138045252427,0.0,28.827604064885584,26.72545006249037,2.1872771848390395,0.41920635091802594,0.1445395167252744,26,3,0.283511139050465,0.061498774868934486,0.4345336497669398,0.18855355563196247,0.0984747468868331,-0.06003415545079928,0.12229962825617835,8,BEGINNER
0.8614674792918042,0.9501422299509938,0.7642352618830799,0.5322561866667657,9.314995858767354,9.52349725952996,1.0539102367419237,0.08891966151458568,0.6836586697007057,29,9,0.9213364811312802,0.6779152793248653,1.0,0.9029852995942805,0.0858886371096687,0.012174767569957225,0.8189850716822242,8,ADVANCED
0.5610013059544097,0.637536578632843,0.6075364327957311,0.5143905528919096,29.43340248238226,26.971538065653085,1.8045832949272524,0.47205908233290755,0.6486196807232648,13,5,0.2633295035164067,0.1774006492530463,0.4378282878205055,0.3254512352893668,0.05023973294394416,0.041767906352407375,0.6290549346706985,8,FOUNDATION
0.7413966506464165,1.0,0.8031235087128554,0.6461591834746906,14.542431690920829,14.491209422556405,1.6348569751319466,0.3470357905271688,0.8649153996530158,30,6,0.7002115967089061,0.6239845012534128,0.85966917450594,0.6648008072141462,0.04540934909579176,0.006008046207853033,0.8924850099864811,8,INTERMEDIATE
0.19748461051451532,0.25061185713471074,0.21536747597185207,0.0,32.044580353606115,33.42117871566845,3.694099973217598,0.5777925245652015,0.10430948717747013,35,8,0.34483874852345786,0.14644234450656374,0.3889887310384548,0.37388386076985897,0.09167317353394508,0.07213733164206716,0.13709112323352315,8,BEGINNER
0.16327789665944817,0.36556204415901083,0.1783943810540491,0.0,34.4155097758818,36.41250110995053,2.827697984507086,0.6136674009191065,0.028466717213966625,23,9,0.06301615260513858,0.0,0.2449555835696273,0.1759335135403564,0.014407839537570587,0.004954114337732535,0.044029529735090916,8,BEGINNER
0.7585029612013436,0.9367557481741635,0.9379865094881138,0.58182142139895,5.093242399412595,6.859035761108317,1.130383798593248,0.13774351601744567,0.8077974185826825,15,9,0.8369859950723864,0.6720729208351772,1.0,0.8680267069820881,0.10794801505335529,0.14518183211441663,0.6622138986726294,8,ADVANCED
0.14369256808368505,0.3803001341975695,0.16363676008165093,0.006309815445061158,31.586466806933355,32.918713510662485,3.6012921864643976,0.6492866150219769,0.2970995722671014,25,4,0.18694542262463676,0.1360107198261031,0.33709613490135465,0.26918137279787413,0.07851580632900201,0.00939778438165045,0.3383560906778356,8,BEGINNER
0.36993445150581417,0.5125242576734892,0.42166469283106134,0.183272970123074,31.553364620241535,31.579481233058605,3.8258074289949073,0.42602432863045253,0.41196326268047984,44,9,0.13530137292720879,0.0,0.3814923705063149,0.24295300516611107,0.08019075818335637,0.01504397404216884,0.4315568080723697,8,BEGINNER
0.197485362938625,0.28076916633707144,0.13176926719829757,0.0,35.58746509319507,34.50478583814758,2.349445265635738,0.8402314331211476,0.0070282935287820925,17,5,0.11334785748000038,0.06196780840701671,0.36384470036530037,0.12788063710471154,0.08543364970168825,0.0003620038957902992,0.042562087870370635,8,BEGINNER
0.5148804051112801,0.7774542688973834,0.4877676354454363,0.4349801375495883,10.405008565603403,11.082823510861836,1.868457711392291,0.1491467007930695,0.5368051497187172,21,3,0.5857593961285421,0.3973438796297184,0.7675272910269105,0.5531005128548063,0.11100112691591676,-0.019314870268742918,0.6043363576906882,8,INTERMEDIATE
0.5691095692302716,0.7470834299541169,0.6130155613469621,0.3103855187147334,13.99601717698519,15.574445586515838,1.7634132665933988,0.2852401663897803,0.5019386913710802,37,8,0.28779180972645957,0.21261491424955295,0.5343628949087096,0.2868639866881489,0.05586774652558016,-0.03937030774268409,0.45424131166683823,8,FOUNDATION
0.2338390955010159,0.3528216778001945,0.21183509057167638,0.11180594918008835,25.984788817147944,28.181664388458916,3.536260218725399,0.36260189428120315,0.14208977175487264,14,9,0.274036451335204,0.1389905196253812,0.403530257260928,0.48273875876518546,0.14588369445703792,-0.0012321664457955357,0.28573562972261424,8,BEGINNER
0.7863630617123386,0.9419467514144226,0.7015847649405377,0.4747097901293438,14.864403790887117,17.239827830515274,1.3516401460618488,0.21380159988631647,0.5620002482904152,42,3,0.560461085755182,0.4155655808252364,0.7056611649117367,0.5579719084240601,0.11703500507277013,0.038469743050997096,0.6266556772278881,8,INTERMEDIATE
0.5430509991034078,0.6110367161210202,0.4649337765853467,0.2934538238533243,28.977326962585146,27.6486043964193,2.387018241512608,0.44078269506221035,0.4532652897999894,47,4,0.4504778729021345,0.18181990341673532,0.40035101705873266,0.23748888219078126,0.03333006196141273,0.05723691348576598,0.5657560185702554,8,FOUNDATION
0.508647979339689,0.5839299878081644,0.3253783833859671,0.25041697701081284,16.677875557975195,15.570586809599282,1.929534911180802,0.45726047297312333,0.35210872090035883,42,9,0.3939952966350399,0.22621010347129455,0.48326849517424175,0.3093439205065353,0.1133009967533211,-0.01300820433067799,0.6533174459236117,8,FOUNDATION
0.8311805171900984,1.0,0.8578836275984479,0.6092959943497966,12.419242677703746,11.234067266705608,1.2250474280937758,0.054326673144979715,0.6958576934418839,22,5,0.7461934961235416,0.5802319196837513,0.9214914320815705,0.7334000547692041,0.115288643815471,0.03208834449421549,0.8575234945265701,8,ADVANCED
0.5928571353338541,0.7807734130522508,0.5780109941726063,0.36049778196831567,18.190885263935513,16.321054765998067,2.0752430981456476,0.5202596570627241,0.5482786812471289,28,9,0.36982605609235353,0.2558151590305782,0.5694642114321037,0.30807292430132527,0.1201631775023863,0.03924252823411009,0.5500528454506215,8,FOUNDATION
0.6709281534950937,0.8326091770611607,0.7054225118802349,0.5382872542079788,9.690489028897803,10.405676982622037,1.6221358784553124,0.12098142974464904,0.8119050076784428,14,4,0.7470454936838119,0.5984070963219028,0.8179705984755491,0.9275684941949517,0.0039048974735408468,-0.02102926479269723,0.494091912382315,8,INTERMEDIATE
0.6195222031165533,0.833627069027469,0.6288384464073358,0.43025656747113344,23.1980603524234,21.5466216682901,2.5525901656262877,0.28440901303752036,0.5348358214404602,12,5,0.28015208148968457,0.1825515680246301,0.43735001195122064,0.43316235197068065,0.008929384837226861,0.06170137843631654,0.5272272386113824,8,FOUNDATION
0.16077888342453797,0.3272366996021306,0.2306943263231204,0.0067248160997104055,32.626874586884206,33.201877831647295,2.723797261345875,0.901819431044766,0.019042662229699747,34,8,0.18352106709864363,0.09059225986569361,0.36903662318896274,0.2412815321630037,0.01997160887001065,0.05131221330316589,0.12916401135672814,8,BEGINNER
